ED,Street1,Street2,Street3,Street4,Street5,Street6,Street7,Street8,Street9,Street10,Street11,Street12,Street13,Street14,Street15,Street16,Street17,Street18,Street19,Street20,Street21,Street22,Street23,Street24,Street25,Street26,Street27,Street28,Street29,Street30,Street31,Street32,Street33,Street34,Street35,Street36,Street37,Street38,Street39,Street40,Street41,Street42,Street43,Street44,Street45,Street46,Street47,Street48,Street49,Street50,Street51,Street52,Street53,Street54,Street55,Street56,Street57,Street58,Street59
1,COLUMBIA HTS,CRANBERRY,DOUGHTY,ELIZABETH PL,FRONT,FULTON,FURMAN,HICKS,MCKENNEY,MIDDAGH,POPLAR,VINE,WILLOW,NA,NA,NA,NA,NA,NA,NA,NA,NA,NA,NA,NA,NA,NA,NA,NA,NA,NA,NA,NA,NA,NA,NA,NA,NA,NA,NA,NA,NA,NA,NA,NA,NA,NA,NA,NA,NA,NA,NA,NA,NA,NA,NA,NA,NA,NA
2,CLARK,COLUMBIA HTS,CRANBERRY,FURMAN,HICKS,LOVE LN,ORANGE,PIERREPONT PL,PIERREPONT,PINEAPPLE,WILLOW,NA,NA,NA,NA,NA,NA,NA,NA,NA,NA,NA,NA,NA,NA,NA,NA,NA,NA,NA,NA,NA,NA,NA,NA,NA,NA,NA,NA,NA,NA,NA,NA,NA,NA,NA,NA,NA,NA,NA,NA,NA,NA,NA,NA,NA,NA,NA,NA
3,COLUMBIA HTS,COLUMBIA PL,FURMAN,GRACE CT ALY,GRACE CT,HICKS,JORALEMON,MONTAGUE,MONTAGUE TER,PIERREPONT PL,PIERREPONT,REMSEN,STATE,WILLOW PL,WILLOW,NA,NA,NA,NA,NA,NA,NA,NA,NA,NA,NA,NA,NA,NA,NA,NA,NA,NA,NA,NA,NA,NA,NA,NA,NA,NA,NA,NA,NA,NA,NA,NA,NA,NA,NA,NA,NA,NA,NA,NA,NA,NA,NA,NA
4,ATLANTIC AVE,COLUMBIA PL,COLUMBIA,EMMETT,FURMAN,HICKS,JORALEMON,STATE,WILLOW PL,NA,NA,NA,NA,NA,NA,NA,NA,NA,NA,NA,NA,NA,NA,NA,NA,NA,NA,NA,NA,NA,NA,NA,NA,NA,NA,NA,NA,NA,NA,NA,NA,NA,NA,NA,NA,NA,NA,NA,NA,NA,NA,NA,NA,NA,NA,NA,NA,NA,NA
5,CRANBERRY,DOUGHTY,FULTON,HENRY,HICKS,HIGH,MAIN,MIDDAGH,NASSAU,ORANGE,PINEAPPLE,POPLAR,PROSPECT,SANDS,YORK,NA,NA,NA,NA,NA,NA,NA,NA,NA,NA,NA,NA,NA,NA,NA,NA,NA,NA,NA,NA,NA,NA,NA,NA,NA,NA,NA,NA,NA,NA,NA,NA,NA,NA,NA,NA,NA,NA,NA,NA,NA,NA,NA,NA
6,CLARK,CLINTON,COLLEGE PL,CONCORD,FULTON,HENRY,HICKS,JOHNSON,LOVE LN,MONROE PL,MONTAGUE,PIERREPONT,PINEAPPLE,SPRAGUES ALY,TILLARY,WASHINGTON,NA,NA,NA,NA,NA,NA,NA,NA,NA,NA,NA,NA,NA,NA,NA,NA,NA,NA,NA,NA,NA,NA,NA,NA,NA,NA,NA,NA,NA,NA,NA,NA,NA,NA,NA,NA,NA,NA,NA,NA,NA,NA,NA
7,ADAMS,ATLANTIC AVE,BOERUM PL,CLINTON,CT,FULTON,JORALEMON,LIVINGSTON,MONTAGUE,REMSEN,SCHERMERHORN,STATE,WASHINGTON,WILLOUGHBY,NA,NA,NA,NA,NA,NA,NA,NA,NA,NA,NA,NA,NA,NA,NA,NA,NA,NA,NA,NA,NA,NA,NA,NA,NA,NA,NA,NA,NA,NA,NA,NA,NA,NA,NA,NA,NA,NA,NA,NA,NA,NA,NA,NA,NA
8,ATLANTIC AVE,CLINTON,HENRY,HUNTS LN,JORALEMON,LIVINGSTON,MONTAGUE,REMSEN,SCHERMERHORN,SIDNEY PL,STATE,NA,NA,NA,NA,NA,NA,NA,NA,NA,NA,NA,NA,NA,NA,NA,NA,NA,NA,NA,NA,NA,NA,NA,NA,NA,NA,NA,NA,NA,NA,NA,NA,NA,NA,NA,NA,NA,NA,NA,NA,NA,NA,NA,NA,NA,NA,NA,NA
9,ATLANTIC AVE,GARDEN PL,GRACE CT ALY,GRACE CT,HENRY,HICKS,JORALEMON,MONTAGUE,REMSEN,STATE,NA,NA,NA,NA,NA,NA,NA,NA,NA,NA,NA,NA,NA,NA,NA,NA,NA,NA,NA,NA,NA,NA,NA,NA,NA,NA,NA,NA,NA,NA,NA,NA,NA,NA,NA,NA,NA,NA,NA,NA,NA,NA,NA,NA,NA,NA,NA,NA,NA
10,COLUMBIA HTS,DOCK,ELIZABETH PL,FRONT,FULTON,FURMAN,GARRISON,HARRISON CT,HENRY,HICKS,HOWARD CT,JAMES,MAIN,MERCEIN,PLYMOUTH,PROSPECT,SANDS,. ANNS CT,WASHINGTON,WATER,YORK,NA,NA,NA,NA,NA,NA,NA,NA,NA,NA,NA,NA,NA,NA,NA,NA,NA,NA,NA,NA,NA,NA,NA,NA,NA,NA,NA,NA,NA,NA,NA,NA,NA,NA,NA,NA,NA,NA
11,ADAMS,FLEETS ALY,FLINT,FRONT,HOWARD CT,MAIN,PLYMOUTH,PROSPECT,SANDS,. ANNS CT,STEWARTS ALY,WASHINGTON,WATER,YORK,NA,NA,NA,NA,NA,NA,NA,NA,NA,NA,NA,NA,NA,NA,NA,NA,NA,NA,NA,NA,NA,NA,NA,NA,NA,NA,NA,NA,NA,NA,NA,NA,NA,NA,NA,NA,NA,NA,NA,NA,NA,NA,NA,NA,NA
12,ADAMS,FRANKLIN PL,FRONT,JAY,JOHN,MARSHALL,PEARL,PLYMOUTH,PROSPECT,SANDS,TALMAN,WASHINGTON,WATER,YORK,NA,NA,NA,NA,NA,NA,NA,NA,NA,NA,NA,NA,NA,NA,NA,NA,NA,NA,NA,NA,NA,NA,NA,NA,NA,NA,NA,NA,NA,NA,NA,NA,NA,NA,NA,NA,NA,NA,NA,NA,NA,NA,NA,NA,NA
13,BRG,FRANKLIN PL,FRONT,JAY,JOHN,MARSHALL,PHILLIPS ALY,PLYMOUTH,PROSPECT,PROSPECT TER,SANDS,TALMAN,WALDRON PL,WATER,YORK,NA,NA,NA,NA,NA,NA,NA,NA,NA,NA,NA,NA,NA,NA,NA,NA,NA,NA,NA,NA,NA,NA,NA,NA,NA,NA,NA,NA,NA,NA,NA,NA,NA,NA,NA,NA,NA,NA,NA,NA,NA,NA,NA,NA
14,ATLANTIC AVE,BOERUM PL,BRG,FULTON,GALLATIN PL,HOYT,JAY,LAWRENCE,LIVINGSTON,PEARL,RED HOOK LN,SCHERMERHORN,SMITH,STATE,NA,NA,NA,NA,NA,NA,NA,NA,NA,NA,NA,NA,NA,NA,NA,NA,NA,NA,NA,NA,NA,NA,NA,NA,NA,NA,NA,NA,NA,NA,NA,NA,NA,NA,NA,NA,NA,NA,NA,NA,NA,NA,NA,NA,NA
15,3 AVE,BOND,DEKALB AVE,DUFFIELD,ELM PL,FLATBUSH AVE,FULTON PL,FULTON,GOLD,GROVE PL,HANOVER PL,HOYT,LAFAYETTE AVE,LIVINGSTON,NAVY,NEVINS,SCHERMERHORN,STATE,NA,NA,NA,NA,NA,NA,NA,NA,NA,NA,NA,NA,NA,NA,NA,NA,NA,NA,NA,NA,NA,NA,NA,NA,NA,NA,NA,NA,NA,NA,NA,NA,NA,NA,NA,NA,NA,NA,NA,NA,NA
16,3 AVE,4 AVE,ATLANTIC AVE,FLATBUSH AVE,HANSON PL,NEVINS,PACIFIC,RAYMOND,STATE,NA,NA,NA,NA,NA,NA,NA,NA,NA,NA,NA,NA,NA,NA,NA,NA,NA,NA,NA,NA,NA,NA,NA,NA,NA,NA,NA,NA,NA,NA,NA,NA,NA,NA,NA,NA,NA,NA,NA,NA,NA,NA,NA,NA,NA,NA,NA,NA,NA,NA
17,3 AVE,4 AVE,BERGEN,DEAN,NEVINS,PACIFIC,NA,NA,NA,NA,NA,NA,NA,NA,NA,NA,NA,NA,NA,NA,NA,NA,NA,NA,NA,NA,NA,NA,NA,NA,NA,NA,NA,NA,NA,NA,NA,NA,NA,NA,NA,NA,NA,NA,NA,NA,NA,NA,NA,NA,NA,NA,NA,NA,NA,NA,NA,NA,NA
18,ATLANTIC AVE,BERGEN,BOND,DEAN,HOYT,NEVINS,PACIFIC,SCHERMERHORN,STATE,NA,NA,NA,NA,NA,NA,NA,NA,NA,NA,NA,NA,NA,NA,NA,NA,NA,NA,NA,NA,NA,NA,NA,NA,NA,NA,NA,NA,NA,NA,NA,NA,NA,NA,NA,NA,NA,NA,NA,NA,NA,NA,NA,NA,NA,NA,NA,NA,NA,NA
19,ATLANTIC AVE,BERGEN,BOND,DEAN,HOYT,PACIFIC,SMITH,NA,NA,NA,NA,NA,NA,NA,NA,NA,NA,NA,NA,NA,NA,NA,NA,NA,NA,NA,NA,NA,NA,NA,NA,NA,NA,NA,NA,NA,NA,NA,NA,NA,NA,NA,NA,NA,NA,NA,NA,NA,NA,NA,NA,NA,NA,NA,NA,NA,NA,NA,NA
20,AMITY,ATLANTIC AVE,BOERUM PL,CT,DEAN,PACIFIC,SMITH,NA,NA,NA,NA,NA,NA,NA,NA,NA,NA,NA,NA,NA,NA,NA,NA,NA,NA,NA,NA,NA,NA,NA,NA,NA,NA,NA,NA,NA,NA,NA,NA,NA,NA,NA,NA,NA,NA,NA,NA,NA,NA,NA,NA,NA,NA,NA,NA,NA,NA,NA,NA
21,ADAMS,BRG,CONCORD,GOTHIC ALY,HARTS ALY,HIGH,JAY,NASSAU,PEARL,SANDS,NA,NA,NA,NA,NA,NA,NA,NA,NA,NA,NA,NA,NA,NA,NA,NA,NA,NA,NA,NA,NA,NA,NA,NA,NA,NA,NA,NA,NA,NA,NA,NA,NA,NA,NA,NA,NA,NA,NA,NA,NA,NA,NA,NA,NA,NA,NA,NA,NA
22,ADAMS,BRG,CHAPEL,CONCORD,HARPER CT,JAY,LAWRENCE PL,LAWRENCE,NUTRIA ALY,PEARL,STRYKER CT,TILLARY,WASHINGTON,NA,NA,NA,NA,NA,NA,NA,NA,NA,NA,NA,NA,NA,NA,NA,NA,NA,NA,NA,NA,NA,NA,NA,NA,NA,NA,NA,NA,NA,NA,NA,NA,NA,NA,NA,NA,NA,NA,NA,NA,NA,NA,NA,NA,NA,NA
23,ADAMS,BRG,FLOODS ALY,JAY,JOHNSON,LAWRENCE,MYRTLE AVE,PEARL,UNION LN,WASHINGTON,NA,NA,NA,NA,NA,NA,NA,NA,NA,NA,NA,NA,NA,NA,NA,NA,NA,NA,NA,NA,NA,NA,NA,NA,NA,NA,NA,NA,NA,NA,NA,NA,NA,NA,NA,NA,NA,NA,NA,NA,NA,NA,NA,NA,NA,NA,NA,NA,NA
24,ADAMS,BRG,FLOODS ALY,JAY,JOHNSON,LAWRENCE,PEARL,TILLARY,WASHINGTON,NA,NA,NA,NA,NA,NA,NA,NA,NA,NA,NA,NA,NA,NA,NA,NA,NA,NA,NA,NA,NA,NA,NA,NA,NA,NA,NA,NA,NA,NA,NA,NA,NA,NA,NA,NA,NA,NA,NA,NA,NA,NA,NA,NA,NA,NA,NA,NA,NA,NA
25,ADAMS,BOERUM PL,BRG,FLOODS ALY,FULTON,GALLATIN PL,JAY,JORALEMON,LAWRENCE,MYRTLE AVE,PEARL,RED HOOK LN,SMITH,UNION LN,WASHINGTON,WILLOUGHBY,NA,NA,NA,NA,NA,NA,NA,NA,NA,NA,NA,NA,NA,NA,NA,NA,NA,NA,NA,NA,NA,NA,NA,NA,NA,NA,NA,NA,NA,NA,NA,NA,NA,NA,NA,NA,NA,NA,NA,NA,NA,NA,NA
26,ADAMS,CLARK,CLINTON,CONCORD,CRANBERRY,FORCES PL,FULTON,GOTHIC ALY,HIGH,JOHNSON,LIBERTY,MIDDAGH,MONTAGUE,MUMBYS ALY,MYRTLE AVE,NASSAU,NAYLORS ALY,PIERREPONT,PINEAPPLE,SANDS,SNELLS ALY,SPRAGUES ALY,TILLARY,WASHINGTON PL,WASHINGTON,NA,NA,NA,NA,NA,NA,NA,NA,NA,NA,NA,NA,NA,NA,NA,NA,NA,NA,NA,NA,NA,NA,NA,NA,NA,NA,NA,NA,NA,NA,NA,NA,NA,NA
27,BRG,GOLD,HUDSON AVE,JOHN,LITTLE,MARSHALL,PLYMOUTH,UNITED STATES,NA,NA,NA,NA,NA,NA,NA,NA,NA,NA,NA,NA,NA,NA,NA,NA,NA,NA,NA,NA,NA,NA,NA,NA,NA,NA,NA,NA,NA,NA,NA,NA,NA,NA,NA,NA,NA,NA,NA,NA,NA,NA,NA,NA,NA,NA,NA,NA,NA,NA,NA
28,BRG,EVANS,FRONT,GOLD,HARRISON ALY,HUDSON AVE,JACKSON CT,LITTLE,PLYMOUTH,UNITED STATES,WATER,NA,NA,NA,NA,NA,NA,NA,NA,NA,NA,NA,NA,NA,NA,NA,NA,NA,NA,NA,NA,NA,NA,NA,NA,NA,NA,NA,NA,NA,NA,NA,NA,NA,NA,NA,NA,NA,NA,NA,NA,NA,NA,NA,NA,NA,NA,NA,NA
29,BRG,CHARLES,CORNELLS ALY,DUFFIELD,FRONT,GOLD,HARTS ALY,HIGH,NASSAU,PROSPECT,SANDS,TALMAN,YORK,NA,NA,NA,NA,NA,NA,NA,NA,NA,NA,NA,NA,NA,NA,NA,NA,NA,NA,NA,NA,NA,NA,NA,NA,NA,NA,NA,NA,NA,NA,NA,NA,NA,NA,NA,NA,NA,NA,NA,NA,NA,NA,NA,NA,NA,NA
30,BRG RD,CORNELLS ALY,DIXONS ALY,FRONT,GOLD,GREEN LN,HUDSON AVE,JACKSON CT,NAVY,PROSPECT,SANDS,YORK,NA,NA,NA,NA,NA,NA,NA,NA,NA,NA,NA,NA,NA,NA,NA,NA,NA,NA,NA,NA,NA,NA,NA,NA,NA,NA,NA,NA,NA,NA,NA,NA,NA,NA,NA,NA,NA,NA,NA,NA,NA,NA,NA,NA,NA,NA,NA
31,BRG RD,CONCORD PL,CONCORD,DIXONS ALY,FLUSHING AVE,GOLD,GREEN LN,HIGH,HUDSON AVE,NASSAU PL,NASSAU,NAVY,NAVY YARD,PRINCE,SANDS,SMITHS ALY,WAY HOME,NA,NA,NA,NA,NA,NA,NA,NA,NA,NA,NA,NA,NA,NA,NA,NA,NA,NA,NA,NA,NA,NA,NA,NA,NA,NA,NA,NA,NA,NA,NA,NA,NA,NA,NA,NA,NA,NA,NA,NA,NA,NA
32,BRG,CHAPEL,CONCORD,DUFFIELD,GOLD,JOHNSON,MATILDA PL,NASSAU,TILLARY,WAY HOME,NA,NA,NA,NA,NA,NA,NA,NA,NA,NA,NA,NA,NA,NA,NA,NA,NA,NA,NA,NA,NA,NA,NA,NA,NA,NA,NA,NA,NA,NA,NA,NA,NA,NA,NA,NA,NA,NA,NA,NA,NA,NA,NA,NA,NA,NA,NA,NA,NA
33,FLEET PL,GOLD,HUDSON AVE,JOHNSON,NAVY,PRINCE,TILLARY,NA,NA,NA,NA,NA,NA,NA,NA,NA,NA,NA,NA,NA,NA,NA,NA,NA,NA,NA,NA,NA,NA,NA,NA,NA,NA,NA,NA,NA,NA,NA,NA,NA,NA,NA,NA,NA,NA,NA,NA,NA,NA,NA,NA,NA,NA,NA,NA,NA,NA,NA,NA
34,CONCORD PL,CONCORD,FLEET PL,GOLD,HUDSON AVE,NASSAU PL,NAVY,PARK AVE,PRINCE,PRINCE CT,TILLARY,NA,NA,NA,NA,NA,NA,NA,NA,NA,NA,NA,NA,NA,NA,NA,NA,NA,NA,NA,NA,NA,NA,NA,NA,NA,NA,NA,NA,NA,NA,NA,NA,NA,NA,NA,NA,NA,NA,NA,NA,NA,NA,NA,NA,NA,NA,NA,NA
35,AMITY,ATLANTIC AVE,CLINTON,COLUMBIA PL,COLUMBIA,CT,EMMETT,FURMAN,HENRY,HICKS,PACIFIC,SMOKY HOLLOW,NA,NA,NA,NA,NA,NA,NA,NA,NA,NA,NA,NA,NA,NA,NA,NA,NA,NA,NA,NA,NA,NA,NA,NA,NA,NA,NA,NA,NA,NA,NA,NA,NA,NA,NA,NA,NA,NA,NA,NA,NA,NA,NA,NA,NA,NA,NA
36,AMITY,CLINTON,COLUMBIA,CONGRESS,CT,DEAN,EMMETT,HENRY,HICKS,PACIFIC,NA,NA,NA,NA,NA,NA,NA,NA,NA,NA,NA,NA,NA,NA,NA,NA,NA,NA,NA,NA,NA,NA,NA,NA,NA,NA,NA,NA,NA,NA,NA,NA,NA,NA,NA,NA,NA,NA,NA,NA,NA,NA,NA,NA,NA,NA,NA,NA,NA
37,BALTIC,CANAL,CLINTON,COLUMBIA,CONGRESS,CT,HENRY,HICKS,VERANDAH PL,WARREN,NA,NA,NA,NA,NA,NA,NA,NA,NA,NA,NA,NA,NA,NA,NA,NA,NA,NA,NA,NA,NA,NA,NA,NA,NA,NA,NA,NA,NA,NA,NA,NA,NA,NA,NA,NA,NA,NA,NA,NA,NA,NA,NA,NA,NA,NA,NA,NA,NA
38,BALTIC,BUTLER,CHEEVER PL,CLINTON,CT,DEGRAW,DOUGLASS,HARRISON,HENRY,HICKS,STRONG PL,TOMPKINS PL,NA,NA,NA,NA,NA,NA,NA,NA,NA,NA,NA,NA,NA,NA,NA,NA,NA,NA,NA,NA,NA,NA,NA,NA,NA,NA,NA,NA,NA,NA,NA,NA,NA,NA,NA,NA,NA,NA,NA,NA,NA,NA,NA,NA,NA,NA,NA
39,BALTIC,COLUMBIA,DEGRAW,HARRISON,HENRY,HICKS,IRVING,SEDGWICK,TIFFANY PL,VAN BRUNT,NA,NA,NA,NA,NA,NA,NA,NA,NA,NA,NA,NA,NA,NA,NA,NA,NA,NA,NA,NA,NA,NA,NA,NA,NA,NA,NA,NA,NA,NA,NA,NA,NA,NA,NA,NA,NA,NA,NA,NA,NA,NA,NA,NA,NA,NA,NA,NA,NA
40,BEACH PL,CHEEVER PL,CLINTON,COLUMBIA,CT,DEGRAW,EAST RIVER,FERRY PL,HENRY,HICKS,SACKETT,SEDGWICK,STRONG PL,TIFFANY PL,TOMPKINS PL,VAN BRUNT,NA,NA,NA,NA,NA,NA,NA,NA,NA,NA,NA,NA,NA,NA,NA,NA,NA,NA,NA,NA,NA,NA,NA,NA,NA,NA,NA,NA,NA,NA,NA,NA,NA,NA,NA,NA,NA,NA,NA,NA,NA,NA,NA
41,BEACH PL,CLINTON,COLUMBIA,CONOVER,CT,FERRY PL,HAMILTON AVE,HENRY,HICKS,PRESIDENT,SACKETT,UNION CT,UNION,VAN BRUNT,NA,NA,NA,NA,NA,NA,NA,NA,NA,NA,NA,NA,NA,NA,NA,NA,NA,NA,NA,NA,NA,NA,NA,NA,NA,NA,NA,NA,NA,NA,NA,NA,NA,NA,NA,NA,NA,NA,NA,NA,NA,NA,NA,NA,NA
42,CARROLL,COLUMBIA,CONOVER,HAMILTON AVE,HICKS,IMLAY,PRESIDENT,UNION,VAN BRUNT,NA,NA,NA,NA,NA,NA,NA,NA,NA,NA,NA,NA,NA,NA,NA,NA,NA,NA,NA,NA,NA,NA,NA,NA,NA,NA,NA,NA,NA,NA,NA,NA,NA,NA,NA,NA,NA,NA,NA,NA,NA,NA,NA,NA,NA,NA,NA,NA,NA,NA
43,1 PL,CARROLL,COLUMBIA,HAMILTON AVE,HENRY,HICKS,PRESIDENT,SUMMIT,VAN BRUNT,WOODHULL,NA,NA,NA,NA,NA,NA,NA,NA,NA,NA,NA,NA,NA,NA,NA,NA,NA,NA,NA,NA,NA,NA,NA,NA,NA,NA,NA,NA,NA,NA,NA,NA,NA,NA,NA,NA,NA,NA,NA,NA,NA,NA,NA,NA,NA,NA,NA,NA,NA
44,1 PL,2 PL,3 PL,CARROLL,CLINTON,CT,HENRY,PRESIDENT,RAPELYE,SUMMIT,WOODHULL,NA,NA,NA,NA,NA,NA,NA,NA,NA,NA,NA,NA,NA,NA,NA,NA,NA,NA,NA,NA,NA,NA,NA,NA,NA,NA,NA,NA,NA,NA,NA,NA,NA,NA,NA,NA,NA,NA,NA,NA,NA,NA,NA,NA,NA,NA,NA,NA
45,2 PL,3 PL,4 PL,CLINTON,COLES,COLUMBIA,CT,HAMILTON AVE,HENRY,HICKS,MANHASSET PL,RAPELYE,SUMMIT,WOODHULL,NA,NA,NA,NA,NA,NA,NA,NA,NA,NA,NA,NA,NA,NA,NA,NA,NA,NA,NA,NA,NA,NA,NA,NA,NA,NA,NA,NA,NA,NA,NA,NA,NA,NA,NA,NA,NA,NA,NA,NA,NA,NA,NA,NA,NA
46,BEDFORD AVE,FLUSHING AVE,FRANKLIN AVE,GRAHAM,KENT AVE,LITTLE NASSAU,MYRTLE AVE,PARK AVE,SKILLMAN,NA,NA,NA,NA,NA,NA,NA,NA,NA,NA,NA,NA,NA,NA,NA,NA,NA,NA,NA,NA,NA,NA,NA,NA,NA,NA,NA,NA,NA,NA,NA,NA,NA,NA,NA,NA,NA,NA,NA,NA,NA,NA,NA,NA,NA,NA,NA,NA,NA,NA
47,CLASON AVE,FLUSHING AVE,GRAHAM,GRAND AVE,MYRTLE AVE,PARK AVE,RYERSON,SCHENCK,STEUBEN,WILLIAMSBURGH RD,NA,NA,NA,NA,NA,NA,NA,NA,NA,NA,NA,NA,NA,NA,NA,NA,NA,NA,NA,NA,NA,NA,NA,NA,NA,NA,NA,NA,NA,NA,NA,NA,NA,NA,NA,NA,NA,NA,NA,NA,NA,NA,NA,NA,NA,NA,NA,NA,NA
48,FLUSHING AVE,HALL,MYRTLE AVE,PARK AVE,RYERSON,WASHINGTON AVE,NA,NA,NA,NA,NA,NA,NA,NA,NA,NA,NA,NA,NA,NA,NA,NA,NA,NA,NA,NA,NA,NA,NA,NA,NA,NA,NA,NA,NA,NA,NA,NA,NA,NA,NA,NA,NA,NA,NA,NA,NA,NA,NA,NA,NA,NA,NA,NA,NA,NA,NA,NA,NA
49,DEKALB AVE,HALL,LAFAYETTE AVE,MYRTLE AVE,RYERSON,. JAMES PL,WASHINGTON AVE,WILLOUGHBY AVE,NA,NA,NA,NA,NA,NA,NA,NA,NA,NA,NA,NA,NA,NA,NA,NA,NA,NA,NA,NA,NA,NA,NA,NA,NA,NA,NA,NA,NA,NA,NA,NA,NA,NA,NA,NA,NA,NA,NA,NA,NA,NA,NA,NA,NA,NA,NA,NA,NA,NA,NA
50,CLASON AVE,DEKALB AVE,GRAHAM,GRAND AVE,KENT AVE,MYRTLE AVE,RYERSON,SCHENCK,STEUBEN,WILLOUGHBY AVE,NA,NA,NA,NA,NA,NA,NA,NA,NA,NA,NA,NA,NA,NA,NA,NA,NA,NA,NA,NA,NA,NA,NA,NA,NA,NA,NA,NA,NA,NA,NA,NA,NA,NA,NA,NA,NA,NA,NA,NA,NA,NA,NA,NA,NA,NA,NA,NA,NA
51,BEDFORD AVE,DEKALB AVE,FRANKLIN AVE,KENT AVE,MYRTLE AVE,PARK AVE,SKILLMAN,WILLOUGHBY AVE,NA,NA,NA,NA,NA,NA,NA,NA,NA,NA,NA,NA,NA,NA,NA,NA,NA,NA,NA,NA,NA,NA,NA,NA,NA,NA,NA,NA,NA,NA,NA,NA,NA,NA,NA,NA,NA,NA,NA,NA,NA,NA,NA,NA,NA,NA,NA,NA,NA,NA,NA
52,BEDFORD AVE,CLASON AVE,DEKALB AVE,FRANKLIN AVE,GRAHAM,KENT AVE,KOSCIUSKO PL,KOSCIUSKO,LAFAYETTE AVE,SKILLMAN,WILLOUGHBY AVE,NA,NA,NA,NA,NA,NA,NA,NA,NA,NA,NA,NA,NA,NA,NA,NA,NA,NA,NA,NA,NA,NA,NA,NA,NA,NA,NA,NA,NA,NA,NA,NA,NA,NA,NA,NA,NA,NA,NA,NA,NA,NA,NA,NA,NA,NA,NA,NA
53,CLASON AVE,DEKALB AVE,GRAND AVE,LAFAYETTE AVE,RYERSON,SCHENCK,STEUBEN,NA,NA,NA,NA,NA,NA,NA,NA,NA,NA,NA,NA,NA,NA,NA,NA,NA,NA,NA,NA,NA,NA,NA,NA,NA,NA,NA,NA,NA,NA,NA,NA,NA,NA,NA,NA,NA,NA,NA,NA,NA,NA,NA,NA,NA,NA,NA,NA,NA,NA,NA,NA
54,BEDFORD AVE,CLASON AVE,CLIFTON PL,FRANKLIN AVE,GRAND AVE,GREENE AVE,LAFAYETTE AVE,LEXINGTON AVE,SKILLMAN,NA,NA,NA,NA,NA,NA,NA,NA,NA,NA,NA,NA,NA,NA,NA,NA,NA,NA,NA,NA,NA,NA,NA,NA,NA,NA,NA,NA,NA,NA,NA,NA,NA,NA,NA,NA,NA,NA,NA,NA,NA,NA,NA,NA,NA,NA,NA,NA,NA,NA
55,BEDFORD AVE,CLASON AVE,DOWNING,FRANKLIN AVE,GATES AVE,GRAND AVE,IRVING PL,LEXINGTON AVE,QUINCY,NA,NA,NA,NA,NA,NA,NA,NA,NA,NA,NA,NA,NA,NA,NA,NA,NA,NA,NA,NA,NA,NA,NA,NA,NA,NA,NA,NA,NA,NA,NA,NA,NA,NA,NA,NA,NA,NA,NA,NA,NA,NA,NA,NA,NA,NA,NA,NA,NA,NA
56,BEDFORD AVE,CLASON AVE,DOWNING,FRANKLIN AVE,GATES AVE,GRAND AVE,IRVING PL,MADISON,MONROE,ORMOND PL,PUTNAM AVE,NA,NA,NA,NA,NA,NA,NA,NA,NA,NA,NA,NA,NA,NA,NA,NA,NA,NA,NA,NA,NA,NA,NA,NA,NA,NA,NA,NA,NA,NA,NA,NA,NA,NA,NA,NA,NA,NA,NA,NA,NA,NA,NA,NA,NA,NA,NA,NA
57,ATLANTIC AVE,BEDFORD AVE,BREVOORT PL,CLASON AVE,DOWNING,FRANKLIN AVE,FULTON,GRAND AVE,HANCOCK,HERKIMER,IRVING PL,JEFFERSON,LEFFERTS PL,ORMOND PL,PUTNAM AVE,SPENCER PL,NA,NA,NA,NA,NA,NA,NA,NA,NA,NA,NA,NA,NA,NA,NA,NA,NA,NA,NA,NA,NA,NA,NA,NA,NA,NA,NA,NA,NA,NA,NA,NA,NA,NA,NA,NA,NA,NA,NA,NA,NA,NA,NA
58,CAMBRIDGE PL,CLIFTON PL,GATES AVE,GRAND AVE,GREENE AVE,LAFAYETTE AVE,LEXINGTON AVE,RYERSON,. JAMES PL,WASHINGTON AVE,NA,NA,NA,NA,NA,NA,NA,NA,NA,NA,NA,NA,NA,NA,NA,NA,NA,NA,NA,NA,NA,NA,NA,NA,NA,NA,NA,NA,NA,NA,NA,NA,NA,NA,NA,NA,NA,NA,NA,NA,NA,NA,NA,NA,NA,NA,NA,NA,NA
59,ATLANTIC AVE,CAMBRIDGE PL,FULTON,GATES AVE,GRAND AVE,LEFFERTS PL,PUTNAM AVE,. JAMES PL,UNDERHILL AVE,WASHINGTON AVE,NA,NA,NA,NA,NA,NA,NA,NA,NA,NA,NA,NA,NA,NA,NA,NA,NA,NA,NA,NA,NA,NA,NA,NA,NA,NA,NA,NA,NA,NA,NA,NA,NA,NA,NA,NA,NA,NA,NA,NA,NA,NA,NA,NA,NA,NA,NA,NA,NA
60,17,18,3 AVE,4 AVE,5 AVE,HAMILTON AVE,PROSPECT AVE,NA,NA,NA,NA,NA,NA,NA,NA,NA,NA,NA,NA,NA,NA,NA,NA,NA,NA,NA,NA,NA,NA,NA,NA,NA,NA,NA,NA,NA,NA,NA,NA,NA,NA,NA,NA,NA,NA,NA,NA,NA,NA,NA,NA,NA,NA,NA,NA,NA,NA,NA,NA
61,18,19,20,3 AVE,4 AVE,5 AVE,NA,NA,NA,NA,NA,NA,NA,NA,NA,NA,NA,NA,NA,NA,NA,NA,NA,NA,NA,NA,NA,NA,NA,NA,NA,NA,NA,NA,NA,NA,NA,NA,NA,NA,NA,NA,NA,NA,NA,NA,NA,NA,NA,NA,NA,NA,NA,NA,NA,NA,NA,NA,NA
62,17,18,19,20,21,22,23,24,5 AVE,6 AVE,PROSPECT AVE,NA,NA,NA,NA,NA,NA,NA,NA,NA,NA,NA,NA,NA,NA,NA,NA,NA,NA,NA,NA,NA,NA,NA,NA,NA,NA,NA,NA,NA,NA,NA,NA,NA,NA,NA,NA,NA,NA,NA,NA,NA,NA,NA,NA,NA,NA,NA,NA
63,10 LN,11 AVE,17,18,19,20,21,22,23,6 AVE,7 AVE,8 AVE,9 AVE,CITY LINE,JACKSON PL,PROSPECT AVE,WEBSTER PL,NA,NA,NA,NA,NA,NA,NA,NA,NA,NA,NA,NA,NA,NA,NA,NA,NA,NA,NA,NA,NA,NA,NA,NA,NA,NA,NA,NA,NA,NA,NA,NA,NA,NA,NA,NA,NA,NA,NA,NA,NA,NA
64,20,21,22,23,4 AVE,5 AVE,NA,NA,NA,NA,NA,NA,NA,NA,NA,NA,NA,NA,NA,NA,NA,NA,NA,NA,NA,NA,NA,NA,NA,NA,NA,NA,NA,NA,NA,NA,NA,NA,NA,NA,NA,NA,NA,NA,NA,NA,NA,NA,NA,NA,NA,NA,NA,NA,NA,NA,NA,NA,NA
65,20,21,22,23,3 AVE,4 AVE,NA,NA,NA,NA,NA,NA,NA,NA,NA,NA,NA,NA,NA,NA,NA,NA,NA,NA,NA,NA,NA,NA,NA,NA,NA,NA,NA,NA,NA,NA,NA,NA,NA,NA,NA,NA,NA,NA,NA,NA,NA,NA,NA,NA,NA,NA,NA,NA,NA,NA,NA,NA,NA
66,23,24,25,26,27,28,29,30,31,32,33,34,35,3 AVE,4 AVE,5 AVE,NA,NA,NA,NA,NA,NA,NA,NA,NA,NA,NA,NA,NA,NA,NA,NA,NA,NA,NA,NA,NA,NA,NA,NA,NA,NA,NA,NA,NA,NA,NA,NA,NA,NA,NA,NA,NA,NA,NA,NA,NA,NA,NA
67,1 AVE,2 AVE,35,36,37,38,39,3 AVE,40,41,42,43,4 AVE,5 AVE,6 AVE,7 AVE,8 AVE,NA,NA,NA,NA,NA,NA,NA,NA,NA,NA,NA,NA,NA,NA,NA,NA,NA,NA,NA,NA,NA,NA,NA,NA,NA,NA,NA,NA,NA,NA,NA,NA,NA,NA,NA,NA,NA,NA,NA,NA,NA,NA
68,1 AVE,2 AVE,3 AVE,43,44,45,46,47,48,49,4 AVE,50,51,52,53,54,55,56,57,58,59,5 AVE,60,6 AVE,7 AVE,8 AVE,NA,NA,NA,NA,NA,NA,NA,NA,NA,NA,NA,NA,NA,NA,NA,NA,NA,NA,NA,NA,NA,NA,NA,NA,NA,NA,NA,NA,NA,NA,NA,NA,NA
69,5 AVE,6 AVE,ADELPHI,ATLANTIC AVE,CARLTON AVE,CUMBERLAND,DEAN,FLATBUSH AVE,FORT GREENE PL,S OXFORD,PACIFIC,PORTLAND AVE S,VANDERBILT AVE,NA,NA,NA,NA,NA,NA,NA,NA,NA,NA,NA,NA,NA,NA,NA,NA,NA,NA,NA,NA,NA,NA,NA,NA,NA,NA,NA,NA,NA,NA,NA,NA,NA,NA,NA,NA,NA,NA,NA,NA,NA,NA,NA,NA,NA,NA
70,6 AVE,BERGEN,CARLTON AVE,DEAN,FLATBUSH AVE,PARK PL,PROSPECT PL,. MARKS AVE,NA,NA,NA,NA,NA,NA,NA,NA,NA,NA,NA,NA,NA,NA,NA,NA,NA,NA,NA,NA,NA,NA,NA,NA,NA,NA,NA,NA,NA,NA,NA,NA,NA,NA,NA,NA,NA,NA,NA,NA,NA,NA,NA,NA,NA,NA,NA,NA,NA,NA,NA
71,8 AVE,9 AVE,BERGEN,BUTLER,CARLTON AVE,DEAN,DEGRAW,DOUGLASS,FLATBUSH AVE,GRAND ARMY PLZ,GRAND AVE,LINCOLN PL,PARADE PL,PARK PL,PARK WAY,E PLZ,W PLZ,PROSPECT PARK,PROSPECT PL,SACKETT,. JOHNS PL,. MARKS AVE,STERLING PL,UNDERHILL AVE,UNION,VANDERBILT AVE,WASHINGTON AVE,NA,NA,NA,NA,NA,NA,NA,NA,NA,NA,NA,NA,NA,NA,NA,NA,NA,NA,NA,NA,NA,NA,NA,NA,NA,NA,NA,NA,NA,NA,NA,NA
72,ATLANTIC AVE,BERGEN,DEAN,GRAND AVE,PACIFIC,UNDERHILL AVE,VANDERBILT AVE,WASHINGTON AVE,WAVERLY AVE,NA,NA,NA,NA,NA,NA,NA,NA,NA,NA,NA,NA,NA,NA,NA,NA,NA,NA,NA,NA,NA,NA,NA,NA,NA,NA,NA,NA,NA,NA,NA,NA,NA,NA,NA,NA,NA,NA,NA,NA,NA,NA,NA,NA,NA,NA,NA,NA,NA,NA
73,ATLANTIC AVE,BERGEN,CLASON AVE,DEAN,GRAND AVE,PACIFIC,PROSPECT PL,. MARKS AVE,NA,NA,NA,NA,NA,NA,NA,NA,NA,NA,NA,NA,NA,NA,NA,NA,NA,NA,NA,NA,NA,NA,NA,NA,NA,NA,NA,NA,NA,NA,NA,NA,NA,NA,NA,NA,NA,NA,NA,NA,NA,NA,NA,NA,NA,NA,NA,NA,NA,NA,NA
74,BERGEN,DEAN,GRAND AVE,PACIFIC,PARK PL,PROSPECT PL,. MARKS AVE,WASHINGTON AVE,NA,NA,NA,NA,NA,NA,NA,NA,NA,NA,NA,NA,NA,NA,NA,NA,NA,NA,NA,NA,NA,NA,NA,NA,NA,NA,NA,NA,NA,NA,NA,NA,NA,NA,NA,NA,NA,NA,NA,NA,NA,NA,NA,NA,NA,NA,NA,NA,NA,NA,NA
75,ATLANTIC AVE,BERGEN,BUTLER,CARROLL,CITY LINE,CLASON AVE,CROWN,DEAN,DEGRAW,DOUGLASS,FRANKLIN AVE,GRAND AVE,MONTGOMERY,PACIFIC,PARK PL,PARK WAY,PRESIDENT,PROSPECT PL,. MARKS AVE,UNION,WASHINGTON AVE,NA,NA,NA,NA,NA,NA,NA,NA,NA,NA,NA,NA,NA,NA,NA,NA,NA,NA,NA,NA,NA,NA,NA,NA,NA,NA,NA,NA,NA,NA,NA,NA,NA,NA,NA,NA,NA,NA
76,BERGEN,BOERUM PL,CONGRESS,CT,HOYT,SMITH,WARREN,WYCKOFF,NA,NA,NA,NA,NA,NA,NA,NA,NA,NA,NA,NA,NA,NA,NA,NA,NA,NA,NA,NA,NA,NA,NA,NA,NA,NA,NA,NA,NA,NA,NA,NA,NA,NA,NA,NA,NA,NA,NA,NA,NA,NA,NA,NA,NA,NA,NA,NA,NA,NA,NA
77,BALTIC,BERGEN,BOND,HOYT,NEVINS,WARREN,WYCKOFF,NA,NA,NA,NA,NA,NA,NA,NA,NA,NA,NA,NA,NA,NA,NA,NA,NA,NA,NA,NA,NA,NA,NA,NA,NA,NA,NA,NA,NA,NA,NA,NA,NA,NA,NA,NA,NA,NA,NA,NA,NA,NA,NA,NA,NA,NA,NA,NA,NA,NA,NA,NA
78,3 AVE,4 AVE,BALTIC,BERGEN,NEVINS,WARREN,WYCKOFF,NA,NA,NA,NA,NA,NA,NA,NA,NA,NA,NA,NA,NA,NA,NA,NA,NA,NA,NA,NA,NA,NA,NA,NA,NA,NA,NA,NA,NA,NA,NA,NA,NA,NA,NA,NA,NA,NA,NA,NA,NA,NA,NA,NA,NA,NA,NA,NA,NA,NA,NA,NA
79,1 LN,3 AVE,4 AVE,BALTIC,BUTLER,CARROLL,DEGRAW,DENTON PL,DOUGLASS,MACOMB,NEVINS,PRESIDENT,SACKETT,UNION,WHITWELL PL,NA,NA,NA,NA,NA,NA,NA,NA,NA,NA,NA,NA,NA,NA,NA,NA,NA,NA,NA,NA,NA,NA,NA,NA,NA,NA,NA,NA,NA,NA,NA,NA,NA,NA,NA,NA,NA,NA,NA,NA,NA,NA,NA,NA
80,BALTIC,BOND,BUTLER,CT,HARRISON,HOYT,SMITH,WARREN,NA,NA,NA,NA,NA,NA,NA,NA,NA,NA,NA,NA,NA,NA,NA,NA,NA,NA,NA,NA,NA,NA,NA,NA,NA,NA,NA,NA,NA,NA,NA,NA,NA,NA,NA,NA,NA,NA,NA,NA,NA,NA,NA,NA,NA,NA,NA,NA,NA,NA,NA
81,BUTLER,CT,DEGRAW,DOUGLASS,HOYT,SACKETT,SMITH,NA,NA,NA,NA,NA,NA,NA,NA,NA,NA,NA,NA,NA,NA,NA,NA,NA,NA,NA,NA,NA,NA,NA,NA,NA,NA,NA,NA,NA,NA,NA,NA,NA,NA,NA,NA,NA,NA,NA,NA,NA,NA,NA,NA,NA,NA,NA,NA,NA,NA,NA,NA
82,CT,DEGRAW,HOYT,PRESIDENT,SACKETT,SMITH,UNION,NA,NA,NA,NA,NA,NA,NA,NA,NA,NA,NA,NA,NA,NA,NA,NA,NA,NA,NA,NA,NA,NA,NA,NA,NA,NA,NA,NA,NA,NA,NA,NA,NA,NA,NA,NA,NA,NA,NA,NA,NA,NA,NA,NA,NA,NA,NA,NA,NA,NA,NA,NA
83,1 PL,2 LN,CARROLL,CT,HOYT,PRESIDENT,SMITH,NA,NA,NA,NA,NA,NA,NA,NA,NA,NA,NA,NA,NA,NA,NA,NA,NA,NA,NA,NA,NA,NA,NA,NA,NA,NA,NA,NA,NA,NA,NA,NA,NA,NA,NA,NA,NA,NA,NA,NA,NA,NA,NA,NA,NA,NA,NA,NA,NA,NA,NA,NA
84,1 PL,2 LN,2 PL,3 LN,3 PL,4 LN,4 PL,5 LN,BOND,CT,HOYT,SMITH,NA,NA,NA,NA,NA,NA,NA,NA,NA,NA,NA,NA,NA,NA,NA,NA,NA,NA,NA,NA,NA,NA,NA,NA,NA,NA,NA,NA,NA,NA,NA,NA,NA,NA,NA,NA,NA,NA,NA,NA,NA,NA,NA,NA,NA,NA,NA
85,BALTIC,BOND,BUTLER,DEGRAW,DOUGLASS,HOYT,SACKETT,UNION,NA,NA,NA,NA,NA,NA,NA,NA,NA,NA,NA,NA,NA,NA,NA,NA,NA,NA,NA,NA,NA,NA,NA,NA,NA,NA,NA,NA,NA,NA,NA,NA,NA,NA,NA,NA,NA,NA,NA,NA,NA,NA,NA,NA,NA,NA,NA,NA,NA,NA,NA
86,1 LN,2 LN,3 AVE,BALTIC,BOND,BUTLER,CARROLL,DEGRAW,DOUGLASS,HOYT,NEVINS,PRESIDENT,SACKETT,UNION,NA,NA,NA,NA,NA,NA,NA,NA,NA,NA,NA,NA,NA,NA,NA,NA,NA,NA,NA,NA,NA,NA,NA,NA,NA,NA,NA,NA,NA,NA,NA,NA,NA,NA,NA,NA,NA,NA,NA,NA,NA,NA,NA,NA,NA
87,BEDFORD,BRG,DUFFIELD,FLEET PL,GOLD,HUDSON AVE,JOHNSON,MYRTLE AVE,NAVY,PRINCE,RAYMOND,NA,NA,NA,NA,NA,NA,NA,NA,NA,NA,NA,NA,NA,NA,NA,NA,NA,NA,NA,NA,NA,NA,NA,NA,NA,NA,NA,NA,NA,NA,NA,NA,NA,NA,NA,NA,NA,NA,NA,NA,NA,NA,NA,NA,NA,NA,NA,NA
88,AUBURN PL,BEDFORD,BOLIVAR,CANTON,DIVISION,FLEET,FLUSHING AVE,HUDSON AVE,JOHNSON,MYRTLE AVE,NAVY,NAVY YARD,PARK AVE,RAYMOND,SYCAMORE,TILLARY,NA,NA,NA,NA,NA,NA,NA,NA,NA,NA,NA,NA,NA,NA,NA,NA,NA,NA,NA,NA,NA,NA,NA,NA,NA,NA,NA,NA,NA,NA,NA,NA,NA,NA,NA,NA,NA,NA,NA,NA,NA,NA,NA
89,BOLIVAR,BRG,DUFFIELD,DUFFIELD TER,FAIR,FLEET PL,FLEET,GOLD,HUDSON AVE,MYRTLE AVE,PRINCE,WILLOUGHBY,NA,NA,NA,NA,NA,NA,NA,NA,NA,NA,NA,NA,NA,NA,NA,NA,NA,NA,NA,NA,NA,NA,NA,NA,NA,NA,NA,NA,NA,NA,NA,NA,NA,NA,NA,NA,NA,NA,NA,NA,NA,NA,NA,NA,NA,NA,NA
90,BRG,DEBEVOISE PL,DEKALB AVE,DUFFIELD,ELM PL,FLEET PL,FLEET,FULTON PL,FULTON,GOLD,HOYT,HUDSON AVE,LAFAYETTE,PRINCE,WILLOUGHBY,NA,NA,NA,NA,NA,NA,NA,NA,NA,NA,NA,NA,NA,NA,NA,NA,NA,NA,NA,NA,NA,NA,NA,NA,NA,NA,NA,NA,NA,NA,NA,NA,NA,NA,NA,NA,NA,NA,NA,NA,NA,NA,NA,NA
91,BOLIVAR,BOND,CANTON,DEBEVOISE PL,DEKALB AVE,FLATBUSH AVE,FORT GREENE PL,FULTON PL,FULTON,GOLD,HANOVER PL,HUDSON AVE,LAFAYETTE,NAVY,RAYMOND,. FELIX,WILLOUGHBY,NA,NA,NA,NA,NA,NA,NA,NA,NA,NA,NA,NA,NA,NA,NA,NA,NA,NA,NA,NA,NA,NA,NA,NA,NA,NA,NA,NA,NA,NA,NA,NA,NA,NA,NA,NA,NA,NA,NA,NA,NA,NA
92,DEKALB AVE,FORT GREENE PL,FULTON,NAVY,RAYMOND,. FELIX,NA,NA,NA,NA,NA,NA,NA,NA,NA,NA,NA,NA,NA,NA,NA,NA,NA,NA,NA,NA,NA,NA,NA,NA,NA,NA,NA,NA,NA,NA,NA,NA,NA,NA,NA,NA,NA,NA,NA,NA,NA,NA,NA,NA,NA,NA,NA,NA,NA,NA,NA,NA,NA
93,3 AVE,CURRAN SQ,FLATBUSH AVE,FORT GREENE PL,FULTON,HANSON PL,HUDSON AVE,LAFAYETTE AVE,LIVINGSTON,NAVY,NEVINS,RAYMOND,SCHERMERHORN,. FELIX,STATE,NA,NA,NA,NA,NA,NA,NA,NA,NA,NA,NA,NA,NA,NA,NA,NA,NA,NA,NA,NA,NA,NA,NA,NA,NA,NA,NA,NA,NA,NA,NA,NA,NA,NA,NA,NA,NA,NA,NA,NA,NA,NA,NA,NA
94,5 AVE,ATLANTIC AVE,CURRAN SQ,DEKALB AVE,ELLIOTT S PL,FLATBUSH AVE,FORT GREENE PL,FULTON,HANSON PL,LAFAYETTE AVE,PORTLAND AVE S,. FELIX,WILLOUGHBY,NA,NA,NA,NA,NA,NA,NA,NA,NA,NA,NA,NA,NA,NA,NA,NA,NA,NA,NA,NA,NA,NA,NA,NA,NA,NA,NA,NA,NA,NA,NA,NA,NA,NA,NA,NA,NA,NA,NA,NA,NA,NA,NA,NA,NA,NA
95,AUBURN PL,CANTON,DIVISION,ELLIOTT N PL,FLUSHING AVE,MYRTLE AVE,NAVY YARD,PARK AVE,PORTLAND AVE N,TILLARY,NA,NA,NA,NA,NA,NA,NA,NA,NA,NA,NA,NA,NA,NA,NA,NA,NA,NA,NA,NA,NA,NA,NA,NA,NA,NA,NA,NA,NA,NA,NA,NA,NA,NA,NA,NA,NA,NA,NA,NA,NA,NA,NA,NA,NA,NA,NA,NA,NA
96,BAY,BOMPJES HOOK WHARF,BRYANT,BUSH,CLINTON,COLUMBIA,CONOVER,CT,CUBA,DIKEMAN,DWIGHT,ELIZABETH,FERRIS,GRINNELL,HALLECK,HICKS,LORRAINE,OREGON,OTSEGO,PARTITION,PERCIVAL,REID,RICHARDS,SIGOURNEY,SULLIVAN,VAN BRUNT,VANDYKE,WHARF,WOLCOTT,NA,NA,NA,NA,NA,NA,NA,NA,NA,NA,NA,NA,NA,NA,NA,NA,NA,NA,NA,NA,NA,NA,NA,NA,NA,NA,NA,NA,NA,NA
97,CONOVER,DIKEMAN,ELIZABETH,FERRIS,PARTITION,RICHARDS,VAN BRUNT,VANDYKE,WOLCOTT,NA,NA,NA,NA,NA,NA,NA,NA,NA,NA,NA,NA,NA,NA,NA,NA,NA,NA,NA,NA,NA,NA,NA,NA,NA,NA,NA,NA,NA,NA,NA,NA,NA,NA,NA,NA,NA,NA,NA,NA,NA,NA,NA,NA,NA,NA,NA,NA,NA,NA
98,CONOVER,FERRIS,IMLAY,KING,RICHARDS,SULLIVAN,TREMONT,VAN BRUNT,VERONA,WILLIAM,WOLCOTT,NA,NA,NA,NA,NA,NA,NA,NA,NA,NA,NA,NA,NA,NA,NA,NA,NA,NA,NA,NA,NA,NA,NA,NA,NA,NA,NA,NA,NA,NA,NA,NA,NA,NA,NA,NA,NA,NA,NA,NA,NA,NA,NA,NA,NA,NA,NA,NA
99,BOWNE,CARROLL,COLES,COLUMBIA,COMMERCE,CONOVER,DELEVAN,DWIGHT,FERRIS,HAMILTON AVE,HICKS,IMLAY,INDIA WHARF,PRESIDENT,RAPELYE,RICHARDS,SACKETT,SEABRING,SUMMIT,TREMONT,VAN BRUNT,VERONA,WILLIAM,WOODHULL,NA,NA,NA,NA,NA,NA,NA,NA,NA,NA,NA,NA,NA,NA,NA,NA,NA,NA,NA,NA,NA,NA,NA,NA,NA,NA,NA,NA,NA,NA,NA,NA,NA,NA,NA
100,BUSH,CENTRE,CHURCH,COLES,COLUMBIA,COMMERCE,DELEVAN,DWIGHT,GARNET,HAMILTON AVE,HENRY,HICKS,HUNTINGTON,KING,LUQUER,MILL,NELSON,OTSEGO,RICHARDS,SEABRING,SULLIVAN,TREMONT,VERONA,WILLIAM,NA,NA,NA,NA,NA,NA,NA,NA,NA,NA,NA,NA,NA,NA,NA,NA,NA,NA,NA,NA,NA,NA,NA,NA,NA,NA,NA,NA,NA,NA,NA,NA,NA,NA,NA
101,BAY,BOMPJES HOOK WHARF,BRYANT,BUSH,CENTRE,CHURCH,CLINTON,COLUMBIA,CT,CUBA,DWIGHT,GARNET,GRINNELL,HALLECK,HAMILTON AVE,HENRY,HICKS,HUNTINGTON,LORRAINE,MILL,NELSON,OREGON,OTSEGO,PERCIVAL,SIGOURNEY,SMITH,SULLIVAN,WHARF,NA,NA,NA,NA,NA,NA,NA,NA,NA,NA,NA,NA,NA,NA,NA,NA,NA,NA,NA,NA,NA,NA,NA,NA,NA,NA,NA,NA,NA,NA,NA
102,CHURCH,CLINTON,CT,HAMILTON AVE,HUNTINGTON,NELSON,NA,NA,NA,NA,NA,NA,NA,NA,NA,NA,NA,NA,NA,NA,NA,NA,NA,NA,NA,NA,NA,NA,NA,NA,NA,NA,NA,NA,NA,NA,NA,NA,NA,NA,NA,NA,NA,NA,NA,NA,NA,NA,NA,NA,NA,NA,NA,NA,NA,NA,NA,NA,NA
103,CHURCH,CT,GARNET,HAMILTON AVE,HUNTINGTON,MILL,SMITH,NA,NA,NA,NA,NA,NA,NA,NA,NA,NA,NA,NA,NA,NA,NA,NA,NA,NA,NA,NA,NA,NA,NA,NA,NA,NA,NA,NA,NA,NA,NA,NA,NA,NA,NA,NA,NA,NA,NA,NA,NA,NA,NA,NA,NA,NA,NA,NA,NA,NA,NA,NA
104,4 PL,5 LN,7 LN,CLINTON,COLES,CT,DENNET PL,HAMILTON AVE,HENRY,HOYT,HUNTINGTON,LUQUER,MANHASSET PL,NELSON,SMITH,NA,NA,NA,NA,NA,NA,NA,NA,NA,NA,NA,NA,NA,NA,NA,NA,NA,NA,NA,NA,NA,NA,NA,NA,NA,NA,NA,NA,NA,NA,NA,NA,NA,NA,NA,NA,NA,NA,NA,NA,NA,NA,NA,NA
105,1,S 1,2,S 2,3,GRAND,RIVER,NA,NA,NA,NA,NA,NA,NA,NA,NA,NA,NA,NA,NA,NA,NA,NA,NA,NA,NA,NA,NA,NA,NA,NA,NA,NA,NA,NA,NA,NA,NA,NA,NA,NA,NA,NA,NA,NA,NA,NA,NA,NA,NA,NA,NA,NA,NA,NA,NA,NA,NA,NA
106,1,2,S 2,3,S 3,S 4,NA,NA,NA,NA,NA,NA,NA,NA,NA,NA,NA,NA,NA,NA,NA,NA,NA,NA,NA,NA,NA,NA,NA,NA,NA,NA,NA,NA,NA,NA,NA,NA,NA,NA,NA,NA,NA,NA,NA,NA,NA,NA,NA,NA,NA,NA,NA,NA,NA,NA,NA,NA,NA
107,S 1,S 2,3,S 3,4,S 4,5,NA,NA,NA,NA,NA,NA,NA,NA,NA,NA,NA,NA,NA,NA,NA,NA,NA,NA,NA,NA,NA,NA,NA,NA,NA,NA,NA,NA,NA,NA,NA,NA,NA,NA,NA,NA,NA,NA,NA,NA,NA,NA,NA,NA,NA,NA,NA,NA,NA,NA,NA,NA
108,S 1,S 2,3,4,5,6,GRAND,NA,NA,NA,NA,NA,NA,NA,NA,NA,NA,NA,NA,NA,NA,NA,NA,NA,NA,NA,NA,NA,NA,NA,NA,NA,NA,NA,NA,NA,NA,NA,NA,NA,NA,NA,NA,NA,NA,NA,NA,NA,NA,NA,NA,NA,NA,NA,NA,NA,NA,NA,NA
109,S 1,S 2,S 3,S 4,5,S 5,6,7,GRAND,NA,NA,NA,NA,NA,NA,NA,NA,NA,NA,NA,NA,NA,NA,NA,NA,NA,NA,NA,NA,NA,NA,NA,NA,NA,NA,NA,NA,NA,NA,NA,NA,NA,NA,NA,NA,NA,NA,NA,NA,NA,NA,NA,NA,NA,NA,NA,NA,NA,NA
110,S 1,S 2,S 3,7,8,9,GRAND,NA,NA,NA,NA,NA,NA,NA,NA,NA,NA,NA,NA,NA,NA,NA,NA,NA,NA,NA,NA,NA,NA,NA,NA,NA,NA,NA,NA,NA,NA,NA,NA,NA,NA,NA,NA,NA,NA,NA,NA,NA,NA,NA,NA,NA,NA,NA,NA,NA,NA,NA,NA
111,S 3,S 4,S 5,7,8,9,S 9,BROADWAY,NA,NA,NA,NA,NA,NA,NA,NA,NA,NA,NA,NA,NA,NA,NA,NA,NA,NA,NA,NA,NA,NA,NA,NA,NA,NA,NA,NA,NA,NA,NA,NA,NA,NA,NA,NA,NA,NA,NA,NA,NA,NA,NA,NA,NA,NA,NA,NA,NA,NA,NA
112,4,S 4,5,S 5,6,S 6,7,8,S 8,S 9,BROADWAY,NA,NA,NA,NA,NA,NA,NA,NA,NA,NA,NA,NA,NA,NA,NA,NA,NA,NA,NA,NA,NA,NA,NA,NA,NA,NA,NA,NA,NA,NA,NA,NA,NA,NA,NA,NA,NA,NA,NA,NA,NA,NA,NA,NA,NA,NA,NA,NA
113,1,2,3,4,S 4,S 5,S 6,S 8,BROADWAY,DUNHAM PL,NA,NA,NA,NA,NA,NA,NA,NA,NA,NA,NA,NA,NA,NA,NA,NA,NA,NA,NA,NA,NA,NA,NA,NA,NA,NA,NA,NA,NA,NA,NA,NA,NA,NA,NA,NA,NA,NA,NA,NA,NA,NA,NA,NA,NA,NA,NA,NA,NA
114,S 10,S 11,1,2,3,4,5,S 8,S 9,DIVISION AVE,KENT AVE,NA,NA,NA,NA,NA,NA,NA,NA,NA,NA,NA,NA,NA,NA,NA,NA,NA,NA,NA,NA,NA,NA,NA,NA,NA,NA,NA,NA,NA,NA,NA,NA,NA,NA,NA,NA,NA,NA,NA,NA,NA,NA,NA,NA,NA,NA,NA,NA
115,N 10,N 11,N 12,N 13,N 14,1,2,3,4,N 7,N 8,N 9,BANKER,FRANKLIN,NASSAU AVE,NA,NA,NA,NA,NA,NA,NA,NA,NA,NA,NA,NA,NA,NA,NA,NA,NA,NA,NA,NA,NA,NA,NA,NA,NA,NA,NA,NA,NA,NA,NA,NA,NA,NA,NA,NA,NA,NA,NA,NA,NA,NA,NA,NA
116,2,3,N 6,N 7,N 8,NA,NA,NA,NA,NA,NA,NA,NA,NA,NA,NA,NA,NA,NA,NA,NA,NA,NA,NA,NA,NA,NA,NA,NA,NA,NA,NA,NA,NA,NA,NA,NA,NA,NA,NA,NA,NA,NA,NA,NA,NA,NA,NA,NA,NA,NA,NA,NA,NA,NA,NA,NA,NA,NA
117,1,2,N 6,N 7,NA,NA,NA,NA,NA,NA,NA,NA,NA,NA,NA,NA,NA,NA,NA,NA,NA,NA,NA,NA,NA,NA,NA,NA,NA,NA,NA,NA,NA,NA,NA,NA,NA,NA,NA,NA,NA,NA,NA,NA,NA,NA,NA,NA,NA,NA,NA,NA,NA,NA,NA,NA,NA,NA,NA
118,1,N 1,2,N 2,3,4,GRAND,RIVER,NA,NA,NA,NA,NA,NA,NA,NA,NA,NA,NA,NA,NA,NA,NA,NA,NA,NA,NA,NA,NA,NA,NA,NA,NA,NA,NA,NA,NA,NA,NA,NA,NA,NA,NA,NA,NA,NA,NA,NA,NA,NA,NA,NA,NA,NA,NA,NA,NA,NA,NA
119,N 1,N 2,N 3,4,N 4,5,N 5,6,N 6,7,FILLMORE PL,GRAND,HOPE,NA,NA,NA,NA,NA,NA,NA,NA,NA,NA,NA,NA,NA,NA,NA,NA,NA,NA,NA,NA,NA,NA,NA,NA,NA,NA,NA,NA,NA,NA,NA,NA,NA,NA,NA,NA,NA,NA,NA,NA,NA,NA,NA,NA,NA,NA
120,1,2,3,N 4,N 5,N 6,NA,NA,NA,NA,NA,NA,NA,NA,NA,NA,NA,NA,NA,NA,NA,NA,NA,NA,NA,NA,NA,NA,NA,NA,NA,NA,NA,NA,NA,NA,NA,NA,NA,NA,NA,NA,NA,NA,NA,NA,NA,NA,NA,NA,NA,NA,NA,NA,NA,NA,NA,NA,NA
121,1,2,N 2,3,N 3,4,N 4,RIVER,NA,NA,NA,NA,NA,NA,NA,NA,NA,NA,NA,NA,NA,NA,NA,NA,NA,NA,NA,NA,NA,NA,NA,NA,NA,NA,NA,NA,NA,NA,NA,NA,NA,NA,NA,NA,NA,NA,NA,NA,NA,NA,NA,NA,NA,NA,NA,NA,NA,NA,NA
122,3,4,N 4,N 5,N 6,N 7,N 8,N 9,NA,NA,NA,NA,NA,NA,NA,NA,NA,NA,NA,NA,NA,NA,NA,NA,NA,NA,NA,NA,NA,NA,NA,NA,NA,NA,NA,NA,NA,NA,NA,NA,NA,NA,NA,NA,NA,NA,NA,NA,NA,NA,NA,NA,NA,NA,NA,NA,NA,NA,NA
123,N 2,N 4,N 5,6,N 6,7,N 7,NA,NA,NA,NA,NA,NA,NA,NA,NA,NA,NA,NA,NA,NA,NA,NA,NA,NA,NA,NA,NA,NA,NA,NA,NA,NA,NA,NA,NA,NA,NA,NA,NA,NA,NA,NA,NA,NA,NA,NA,NA,NA,NA,NA,NA,NA,NA,NA,NA,NA,NA,NA
124,N 2,N 4,5,N 5,6,N 6,N 7,NA,NA,NA,NA,NA,NA,NA,NA,NA,NA,NA,NA,NA,NA,NA,NA,NA,NA,NA,NA,NA,NA,NA,NA,NA,NA,NA,NA,NA,NA,NA,NA,NA,NA,NA,NA,NA,NA,NA,NA,NA,NA,NA,NA,NA,NA,NA,NA,NA,NA,NA,NA
125,N 2,N 4,N 5,6,N 6,7,N 7,8,9,AINSLIE,GRAND,HOPE,UNION AVE,NA,NA,NA,NA,NA,NA,NA,NA,NA,NA,NA,NA,NA,NA,NA,NA,NA,NA,NA,NA,NA,NA,NA,NA,NA,NA,NA,NA,NA,NA,NA,NA,NA,NA,NA,NA,NA,NA,NA,NA,NA,NA,NA,NA,NA,NA
126,N 10,N 11,N 12,N 2,5,6,7,N 7,N 8,N 9,FROST,JACKSON,SKILLMAN AVE,UNION AVE,VAN COTT AVE,WITHERS,NA,NA,NA,NA,NA,NA,NA,NA,NA,NA,NA,NA,NA,NA,NA,NA,NA,NA,NA,NA,NA,NA,NA,NA,NA,NA,NA,NA,NA,NA,NA,NA,NA,NA,NA,NA,NA,NA,NA,NA,NA,NA,NA
127,N 10,N 11,N 12,N 13,N 14,4,5,N 6,N 7,N 8,N 9,BANKER,JANE,UNION AVE,NA,NA,NA,NA,NA,NA,NA,NA,NA,NA,NA,NA,NA,NA,NA,NA,NA,NA,NA,NA,NA,NA,NA,NA,NA,NA,NA,NA,NA,NA,NA,NA,NA,NA,NA,NA,NA,NA,NA,NA,NA,NA,NA,NA,NA
128,10,11,12,S 1,N 2,S 2,N 7,9,AINSLIE,DEVOE,GRAND,HOPE,LORIMER,MAUJER,TEN EYCK,UNION AVE,NA,NA,NA,NA,NA,NA,NA,NA,NA,NA,NA,NA,NA,NA,NA,NA,NA,NA,NA,NA,NA,NA,NA,NA,NA,NA,NA,NA,NA,NA,NA,NA,NA,NA,NA,NA,NA,NA,NA,NA,NA,NA,NA
129,AINSLIE,DEVOE,GRAND,HOPE,LEONARD,LORIMER,MAUJER,POWERS,TEN EYCK,UNION AVE,NA,NA,NA,NA,NA,NA,NA,NA,NA,NA,NA,NA,NA,NA,NA,NA,NA,NA,NA,NA,NA,NA,NA,NA,NA,NA,NA,NA,NA,NA,NA,NA,NA,NA,NA,NA,NA,NA,NA,NA,NA,NA,NA,NA,NA,NA,NA,NA,NA
130,AINSLIE,EWEN,GRAHAM AVE,GRAND,LEONARD,LORIMER,MAUJER,POWERS,TEN EYCK,NA,NA,NA,NA,NA,NA,NA,NA,NA,NA,NA,NA,NA,NA,NA,NA,NA,NA,NA,NA,NA,NA,NA,NA,NA,NA,NA,NA,NA,NA,NA,NA,NA,NA,NA,NA,NA,NA,NA,NA,NA,NA,NA,NA,NA,NA,NA,NA,NA,NA
131,AINSLIE,BUSHWICK AVE,DEVOE,GRAHAM AVE,GRAND,HUMBOLDT,MAUJER,MORRELL,POWERS,TEN EYCK,NA,NA,NA,NA,NA,NA,NA,NA,NA,NA,NA,NA,NA,NA,NA,NA,NA,NA,NA,NA,NA,NA,NA,NA,NA,NA,NA,NA,NA,NA,NA,NA,NA,NA,NA,NA,NA,NA,NA,NA,NA,NA,NA,NA,NA,NA,NA,NA,NA
132,N 2,AINSLIE,BUSHWICK AVE,CONSELYEA,DEVOE,EWEN,GRAHAM AVE,HUMBOLDT,LEONARD,LORIMER,MASPETH AVE,METROPOLITAN AVE,NA,NA,NA,NA,NA,NA,NA,NA,NA,NA,NA,NA,NA,NA,NA,NA,NA,NA,NA,NA,NA,NA,NA,NA,NA,NA,NA,NA,NA,NA,NA,NA,NA,NA,NA,NA,NA,NA,NA,NA,NA,NA,NA,NA,NA,NA,NA
133,EWEN,FROST,GRAHAM AVE,HERBERT,HUMBOLDT,JACKSON,LEONARD,MEEKER AVE,RICHARDSON,WITHERS,NA,NA,NA,NA,NA,NA,NA,NA,NA,NA,NA,NA,NA,NA,NA,NA,NA,NA,NA,NA,NA,NA,NA,NA,NA,NA,NA,NA,NA,NA,NA,NA,NA,NA,NA,NA,NA,NA,NA,NA,NA,NA,NA,NA,NA,NA,NA,NA,NA
134,BUSHWICK AVE,CONSELYEA,EWEN,GRAHAM AVE,HUMBOLDT,JACKSON,LEONARD,SKILLMAN AVE,NA,NA,NA,NA,NA,NA,NA,NA,NA,NA,NA,NA,NA,NA,NA,NA,NA,NA,NA,NA,NA,NA,NA,NA,NA,NA,NA,NA,NA,NA,NA,NA,NA,NA,NA,NA,NA,NA,NA,NA,NA,NA,NA,NA,NA,NA,NA,NA,NA,NA,NA
135,N 10,N 11,N 12,N 14,N 15,5,6,BAYARD,FROST,GUERNSEY,JACKSON,JANE,LEONARD,LORIMER,MANHATTAN AVE,NEWTON,RICHARDSON,UNION AVE,VAN COTT AVE,VAN PELT AVE,WITHERS,NA,NA,NA,NA,NA,NA,NA,NA,NA,NA,NA,NA,NA,NA,NA,NA,NA,NA,NA,NA,NA,NA,NA,NA,NA,NA,NA,NA,NA,NA,NA,NA,NA,NA,NA,NA,NA,NA
136,N 2,N 7,CONSELYEA,JACKSON,LEONARD,LORIMER,SKILLMAN AVE,UNION AVE,NA,NA,NA,NA,NA,NA,NA,NA,NA,NA,NA,NA,NA,NA,NA,NA,NA,NA,NA,NA,NA,NA,NA,NA,NA,NA,NA,NA,NA,NA,NA,NA,NA,NA,NA,NA,NA,NA,NA,NA,NA,NA,NA,NA,NA,NA,NA,NA,NA,NA,NA
137,10,11,S 3,S 4,S 5,9,S 9,BROADWAY,NA,NA,NA,NA,NA,NA,NA,NA,NA,NA,NA,NA,NA,NA,NA,NA,NA,NA,NA,NA,NA,NA,NA,NA,NA,NA,NA,NA,NA,NA,NA,NA,NA,NA,NA,NA,NA,NA,NA,NA,NA,NA,NA,NA,NA,NA,NA,NA,NA,NA,NA
138,10,11,12,S 2,S 3,S 4,9,SCHOLES,STAGG,UNION AVE,NA,NA,NA,NA,NA,NA,NA,NA,NA,NA,NA,NA,NA,NA,NA,NA,NA,NA,NA,NA,NA,NA,NA,NA,NA,NA,NA,NA,NA,NA,NA,NA,NA,NA,NA,NA,NA,NA,NA,NA,NA,NA,NA,NA,NA,NA,NA,NA,NA
139,12,S 5,BOERUM,BROADWAY,HEYWARD,JOHNSON AVE,LORIMER,MCKIBBIN,MIDDLETON,MONTROSE AVE,PENN,RUTLEDGE,SEIGEL,UNION AVE,NA,NA,NA,NA,NA,NA,NA,NA,NA,NA,NA,NA,NA,NA,NA,NA,NA,NA,NA,NA,NA,NA,NA,NA,NA,NA,NA,NA,NA,NA,NA,NA,NA,NA,NA,NA,NA,NA,NA,NA,NA,NA,NA,NA,NA
140,11,12,S 3,S 4,S 5,BROADWAY,DIVISION AVE,HEWES,HOOPER,LORIMER,MESEROLE,MONTROSE AVE,SCHOLES,UNION AVE,NA,NA,NA,NA,NA,NA,NA,NA,NA,NA,NA,NA,NA,NA,NA,NA,NA,NA,NA,NA,NA,NA,NA,NA,NA,NA,NA,NA,NA,NA,NA,NA,NA,NA,NA,NA,NA,NA,NA,NA,NA,NA,NA,NA,NA
141,12,S 2,S 3,LEONARD,LORIMER,SCHOLES,STAGG,TEN EYCK,UNION AVE,NA,NA,NA,NA,NA,NA,NA,NA,NA,NA,NA,NA,NA,NA,NA,NA,NA,NA,NA,NA,NA,NA,NA,NA,NA,NA,NA,NA,NA,NA,NA,NA,NA,NA,NA,NA,NA,NA,NA,NA,NA,NA,NA,NA,NA,NA,NA,NA,NA,NA
142,BOERUM,JOHNSON AVE,LEONARD,LORIMER,MESEROLE,MONTROSE AVE,SCHOLES,NA,NA,NA,NA,NA,NA,NA,NA,NA,NA,NA,NA,NA,NA,NA,NA,NA,NA,NA,NA,NA,NA,NA,NA,NA,NA,NA,NA,NA,NA,NA,NA,NA,NA,NA,NA,NA,NA,NA,NA,NA,NA,NA,NA,NA,NA,NA,NA,NA,NA,NA,NA
143,EWEN,GRAHAM AVE,LEONARD,SCHOLES,STAGG,TEN EYCK,NA,NA,NA,NA,NA,NA,NA,NA,NA,NA,NA,NA,NA,NA,NA,NA,NA,NA,NA,NA,NA,NA,NA,NA,NA,NA,NA,NA,NA,NA,NA,NA,NA,NA,NA,NA,NA,NA,NA,NA,NA,NA,NA,NA,NA,NA,NA,NA,NA,NA,NA,NA,NA
144,EWEN,GRAHAM AVE,LEONARD,MESEROLE,MONTROSE AVE,SCHOLES,NA,NA,NA,NA,NA,NA,NA,NA,NA,NA,NA,NA,NA,NA,NA,NA,NA,NA,NA,NA,NA,NA,NA,NA,NA,NA,NA,NA,NA,NA,NA,NA,NA,NA,NA,NA,NA,NA,NA,NA,NA,NA,NA,NA,NA,NA,NA,NA,NA,NA,NA,NA,NA
145,GRAHAM AVE,HUMBOLDT,MESEROLE,MONTROSE AVE,MORRELL,SCHOLES,STAGG,TEN EYCK,NA,NA,NA,NA,NA,NA,NA,NA,NA,NA,NA,NA,NA,NA,NA,NA,NA,NA,NA,NA,NA,NA,NA,NA,NA,NA,NA,NA,NA,NA,NA,NA,NA,NA,NA,NA,NA,NA,NA,NA,NA,NA,NA,NA,NA,NA,NA,NA,NA,NA,NA
146,BUSHWICK AVE,HUMBOLDT,MAUJER,MESEROLE,MONTROSE AVE,MORRELL,SCHOLES,STAGG,TEN EYCK,NA,NA,NA,NA,NA,NA,NA,NA,NA,NA,NA,NA,NA,NA,NA,NA,NA,NA,NA,NA,NA,NA,NA,NA,NA,NA,NA,NA,NA,NA,NA,NA,NA,NA,NA,NA,NA,NA,NA,NA,NA,NA,NA,NA,NA,NA,NA,NA,NA,NA
147,BOERUM,GRAHAM AVE,HUMBOLDT,JOHNSON AVE,MONTROSE AVE,MORRELL,NA,NA,NA,NA,NA,NA,NA,NA,NA,NA,NA,NA,NA,NA,NA,NA,NA,NA,NA,NA,NA,NA,NA,NA,NA,NA,NA,NA,NA,NA,NA,NA,NA,NA,NA,NA,NA,NA,NA,NA,NA,NA,NA,NA,NA,NA,NA,NA,NA,NA,NA,NA,NA
148,BOERUM,BUSHWICK AVE,GRAHAM AVE,HUMBOLDT,JOHNSON AVE,MCKIBBIN,MONTROSE AVE,MORRELL,SEIGEL,NA,NA,NA,NA,NA,NA,NA,NA,NA,NA,NA,NA,NA,NA,NA,NA,NA,NA,NA,NA,NA,NA,NA,NA,NA,NA,NA,NA,NA,NA,NA,NA,NA,NA,NA,NA,NA,NA,NA,NA,NA,NA,NA,NA,NA,NA,NA,NA,NA,NA
149,BOERUM,BROADWAY,EWEN,GRAHAM AVE,LEONARD,LORIMER,MCKIBBIN,SEIGEL,NA,NA,NA,NA,NA,NA,NA,NA,NA,NA,NA,NA,NA,NA,NA,NA,NA,NA,NA,NA,NA,NA,NA,NA,NA,NA,NA,NA,NA,NA,NA,NA,NA,NA,NA,NA,NA,NA,NA,NA,NA,NA,NA,NA,NA,NA,NA,NA,NA,NA,NA
150,BOERUM,EWEN,GRAHAM AVE,JOHNSON AVE,LEONARD,MCKIBBIN,MONTROSE AVE,NA,NA,NA,NA,NA,NA,NA,NA,NA,NA,NA,NA,NA,NA,NA,NA,NA,NA,NA,NA,NA,NA,NA,NA,NA,NA,NA,NA,NA,NA,NA,NA,NA,NA,NA,NA,NA,NA,NA,NA,NA,NA,NA,NA,NA,NA,NA,NA,NA,NA,NA,NA
151,BARTLETT,BROADWAY,COOK,DEBEVOISE,EWEN,GERRY,GRAHAM AVE,LEONARD,MOORE,SEIGEL,VARET,WALLABOUT,WHIPPLE,NA,NA,NA,NA,NA,NA,NA,NA,NA,NA,NA,NA,NA,NA,NA,NA,NA,NA,NA,NA,NA,NA,NA,NA,NA,NA,NA,NA,NA,NA,NA,NA,NA,NA,NA,NA,NA,NA,NA,NA,NA,NA,NA,NA,NA,NA
152,COOK,EWEN,GRAHAM AVE,HUMBOLDT,MOORE,SEIGEL,VARET,NA,NA,NA,NA,NA,NA,NA,NA,NA,NA,NA,NA,NA,NA,NA,NA,NA,NA,NA,NA,NA,NA,NA,NA,NA,NA,NA,NA,NA,NA,NA,NA,NA,NA,NA,NA,NA,NA,NA,NA,NA,NA,NA,NA,NA,NA,NA,NA,NA,NA,NA,NA
153,BUSHWICK AVE,COOK,HUMBOLDT,MOORE,MORRELL,SEIGEL,VARET,NA,NA,NA,NA,NA,NA,NA,NA,NA,NA,NA,NA,NA,NA,NA,NA,NA,NA,NA,NA,NA,NA,NA,NA,NA,NA,NA,NA,NA,NA,NA,NA,NA,NA,NA,NA,NA,NA,NA,NA,NA,NA,NA,NA,NA,NA,NA,NA,NA,NA,NA,NA
154,BEAVER,BROADWAY,BUSHWICK AVE,COOK,DEBEVOISE,FLUSHING AVE,GARDEN,GRAHAM AVE,HUMBOLDT,MORRELL,YATES PL,NA,NA,NA,NA,NA,NA,NA,NA,NA,NA,NA,NA,NA,NA,NA,NA,NA,NA,NA,NA,NA,NA,NA,NA,NA,NA,NA,NA,NA,NA,NA,NA,NA,NA,NA,NA,NA,NA,NA,NA,NA,NA,NA,NA,NA,NA,NA,NA
155,ANN,ASH,N BAY,BLUE,BOX,CLAY,COMMERCIAL,DICK,DUPONT,EAGLE,EVE,FELL,FRANKLIN,MANHATTAN AVE,OAKLAND,PINK,POTTERY BEACH,WEST,NA,NA,NA,NA,NA,NA,NA,NA,NA,NA,NA,NA,NA,NA,NA,NA,NA,NA,NA,NA,NA,NA,NA,NA,NA,NA,NA,NA,NA,NA,NA,NA,NA,NA,NA,NA,NA,NA,NA,NA,NA
156,ASH,BOX,BRANT,CLAY,DUCK,DUPONT,EAGLE,MANHATTAN AVE,OAKLAND,PAIDGE AVE,PEQUOT,PROVOST,RANTON,SETAUKET,SHAWNETT,NA,NA,NA,NA,NA,NA,NA,NA,NA,NA,NA,NA,NA,NA,NA,NA,NA,NA,NA,NA,NA,NA,NA,NA,NA,NA,NA,NA,NA,NA,NA,NA,NA,NA,NA,NA,NA,NA,NA,NA,NA,NA,NA,NA
157,DUCK,EAGLE,FREEMAN,GREENE,HENRY PL,N HENRY,HOLLAND,LEYDEN,MANHATTAN AVE,OAKLAND,PAIDGE AVE,PROVOST,NA,NA,NA,NA,NA,NA,NA,NA,NA,NA,NA,NA,NA,NA,NA,NA,NA,NA,NA,NA,NA,NA,NA,NA,NA,NA,NA,NA,NA,NA,NA,NA,NA,NA,NA,NA,NA,NA,NA,NA,NA,NA,NA,NA,NA,NA,NA
158,EMERY,GREENE,GREENPOINT AVE,N HENRY,HURON,INDIA,JAVA,KINGSLAND AVE,LEYDEN,MANHATTAN AVE,OAKLAND,PAIDGE AVE,PROVOST,SUTTON,WALLOCK,NA,NA,NA,NA,NA,NA,NA,NA,NA,NA,NA,NA,NA,NA,NA,NA,NA,NA,NA,NA,NA,NA,NA,NA,NA,NA,NA,NA,NA,NA,NA,NA,NA,NA,NA,NA,NA,NA,NA,NA,NA,NA,NA,NA
159,GREENPOINT AVE,N HENRY,JAVA,KENT,MANHATTAN AVE,MONITOR,MOULTRIE,OAKLAND,PROVOST,NA,NA,NA,NA,NA,NA,NA,NA,NA,NA,NA,NA,NA,NA,NA,NA,NA,NA,NA,NA,NA,NA,NA,NA,NA,NA,NA,NA,NA,NA,NA,NA,NA,NA,NA,NA,NA,NA,NA,NA,NA,NA,NA,NA,NA,NA,NA,NA,NA,NA
160,CALYER,CHARLICK,DIAMOND,ECKFORD,FRONT PL,GREENPOINT AVE,N HENRY,HUMBOLDT,JAVA,JEWEL,KINGSLAND AVE,LEONARD,MANHATTAN AVE,MESEROLE AVE,MILTON,MONITOR,MORGAN AVE,MOULTRIE,NEWELL,NOBLE,OAKLAND,PROVOST,RUSSELL,SUTTON,VAIL,WRIGHT,NA,NA,NA,NA,NA,NA,NA,NA,NA,NA,NA,NA,NA,NA,NA,NA,NA,NA,NA,NA,NA,NA,NA,NA,NA,NA,NA,NA,NA,NA,NA,NA,NA
161,APOLLO,BRIDGEWATER,CHARLICK,DIAMOND,ECKFORD,FRONT PL,HAUSMAN,N HENRY,HUMBOLDT,JEWEL,KINGSLAND AVE,LEONARD,MANHATTAN AVE,MESEROLE AVE,MONITOR,MORGAN AVE,MOULTRIE,NEWELL,NORMAN AVE,OAKLAND,POLLOCK,RUSSELL,SUTTON,WEBSTER,NA,NA,NA,NA,NA,NA,NA,NA,NA,NA,NA,NA,NA,NA,NA,NA,NA,NA,NA,NA,NA,NA,NA,NA,NA,NA,NA,NA,NA,NA,NA,NA,NA,NA,NA
162,4,APOLLO,BRIDGEWATER,DIAMOND,ECKFORD,FRONT PL,HAUSMAN,N HENRY,HUMBOLDT,JEWEL,KINGSLAND AVE,LAKE,LEONARD,MANHATTAN AVE,MEEKER AVE,MONITOR,MORGAN AVE,MORSE,MOULTRIE,NASSAU AVE,NASSAU PL,NEWELL,NORMAN AVE,OAKLAND,RUSSELL,STEWART AVE,SUTTON,VANDAM,VARICK AVE,VARICK,NA,NA,NA,NA,NA,NA,NA,NA,NA,NA,NA,NA,NA,NA,NA,NA,NA,NA,NA,NA,NA,NA,NA,NA,NA,NA,NA,NA,NA
163,EAGLE,FRANKLIN,FREEMAN,GREENE,MANHATTAN AVE,WEST,NA,NA,NA,NA,NA,NA,NA,NA,NA,NA,NA,NA,NA,NA,NA,NA,NA,NA,NA,NA,NA,NA,NA,NA,NA,NA,NA,NA,NA,NA,NA,NA,NA,NA,NA,NA,NA,NA,NA,NA,NA,NA,NA,NA,NA,NA,NA,NA,NA,NA,NA,NA,NA
164,FRANKLIN,GREENE,HURON,INDIA,MANHATTAN AVE,WEST,NA,NA,NA,NA,NA,NA,NA,NA,NA,NA,NA,NA,NA,NA,NA,NA,NA,NA,NA,NA,NA,NA,NA,NA,NA,NA,NA,NA,NA,NA,NA,NA,NA,NA,NA,NA,NA,NA,NA,NA,NA,NA,NA,NA,NA,NA,NA,NA,NA,NA,NA,NA,NA
165,FRANKLIN,INDIA,JAVA,KENT,MANHATTAN AVE,WEST,NA,NA,NA,NA,NA,NA,NA,NA,NA,NA,NA,NA,NA,NA,NA,NA,NA,NA,NA,NA,NA,NA,NA,NA,NA,NA,NA,NA,NA,NA,NA,NA,NA,NA,NA,NA,NA,NA,NA,NA,NA,NA,NA,NA,NA,NA,NA,NA,NA,NA,NA,NA,NA
166,FRANKLIN,GREENPOINT AVE,KENT,MANHATTAN AVE,MILTON,NOBLE,WEST,NA,NA,NA,NA,NA,NA,NA,NA,NA,NA,NA,NA,NA,NA,NA,NA,NA,NA,NA,NA,NA,NA,NA,NA,NA,NA,NA,NA,NA,NA,NA,NA,NA,NA,NA,NA,NA,NA,NA,NA,NA,NA,NA,NA,NA,NA,NA,NA,NA,NA,NA,NA
167,BANKER,CALYER,DOBBIN,FRANKLIN,GUERNSEY,LORIMER,MANHATTAN AVE,NOBLE,OAK,WEST,NA,NA,NA,NA,NA,NA,NA,NA,NA,NA,NA,NA,NA,NA,NA,NA,NA,NA,NA,NA,NA,NA,NA,NA,NA,NA,NA,NA,NA,NA,NA,NA,NA,NA,NA,NA,NA,NA,NA,NA,NA,NA,NA,NA,NA,NA,NA,NA,NA
168,N 14,N 15,1,2,3,4,BANKER,CALYER,DOBBIN,FRANKLIN,GEM,GUERNSEY,JANE,LORIMER,MANHATTAN AVE,MESEROLE AVE,NASSAU AVE,NORMAN AVE,QUAY,VAN COTT AVE,WEST,NA,NA,NA,NA,NA,NA,NA,NA,NA,NA,NA,NA,NA,NA,NA,NA,NA,NA,NA,NA,NA,NA,NA,NA,NA,NA,NA,NA,NA,NA,NA,NA,NA,NA,NA,NA,NA,NA
169,APOLLO,DIAMOND,ECKFORD,HAUSMAN,N HENRY,HUMBOLDT,JEWEL,KINGSLAND AVE,LEONARD,MANHATTAN AVE,MEEKER AVE,MONITOR,MORGAN AVE,NASSAU AVE,NASSAU PL,NEWELL,OAKLAND,PORTER AVE,RUSSELL,SUTTON,VAN COTT AVE,VANDAM,VANDERVOORT AVE,VARICK AVE,VARICK,NA,NA,NA,NA,NA,NA,NA,NA,NA,NA,NA,NA,NA,NA,NA,NA,NA,NA,NA,NA,NA,NA,NA,NA,NA,NA,NA,NA,NA,NA,NA,NA,NA,NA
170,BAYARD,BROOME,DIAMOND,ECKFORD,EWEN,GRAHAM AVE,N HENRY,HUMBOLDT,JANE,KINGSLAND AVE,LEONARD,MEEKER AVE,MONITOR,MORGAN AVE,NEWTON,OAKLAND,RICHARDSON,RUSSELL,SUTTON,VAN COTT AVE,VAN PELT AVE,NA,NA,NA,NA,NA,NA,NA,NA,NA,NA,NA,NA,NA,NA,NA,NA,NA,NA,NA,NA,NA,NA,NA,NA,NA,NA,NA,NA,NA,NA,NA,NA,NA,NA,NA,NA,NA,NA
171,AMOS,AMOS,ANTHONY,BANZETT,BEADEL,BENNETT,CHERRY,DIVISION PL,EWEN,FROST,GARDNER AVE,GRAHAM AVE,HAUSMAN,N HENRY,HERBERT,HUMBOLDT,KINGSLAND AVE,LOMBARDY,MEEKER AVE,MONITOR,MORGAN AVE,PORTER AVE,RICHARDSON,SCOTT AVE,STEWART AVE,SUTTON,THOMAS,TOWNSEND,VAN COTT AVE,VAN PELT AVE,VANDAM,VANDERVOORT AVE,VARICK AVE,VARICK,NA,NA,NA,NA,NA,NA,NA,NA,NA,NA,NA,NA,NA,NA,NA,NA,NA,NA,NA,NA,NA,NA,NA,NA,NA
172,N 2,BANZETT,BENNETT,BENTON,BULLION,BUSHWICK AVE,CONSELYEA,FROST,GARDNER AVE,HUMBOLDT,JACKSON,KINGSLAND AVE,MASPETH AVE,MORGAN AVE,PARKER,PORTER AVE,SCOTT AVE,SENECA AVE,SKILLMAN AVE,STEWART AVE,VANDERVOORT AVE,VARICK AVE,WITHERS,NA,NA,NA,NA,NA,NA,NA,NA,NA,NA,NA,NA,NA,NA,NA,NA,NA,NA,NA,NA,NA,NA,NA,NA,NA,NA,NA,NA,NA,NA,NA,NA,NA,NA,NA,NA
173,N 2,AGATE,AINSLIE,BANZETT,BUSHWICK AVE,CALHOUN,CATHARINE,DEVOE,DICKINSON,GARDNER AVE,GRAND,GUILFORD,JUDGE,KINGSLAND AVE,LAGRANGE,MASPETH AVE,METROPOLITAN AVE,MILL PL,MILL,MORGAN AVE,OLIVE,ORIENT AVE,PORTER AVE,POWERS,SCOTT AVE,SENECA AVE,SHARON,SPRUCE,STEWART AVE,VANDERVOORT AVE,VARICK AVE,WATERBURY,NA,NA,NA,NA,NA,NA,NA,NA,NA,NA,NA,NA,NA,NA,NA,NA,NA,NA,NA,NA,NA,NA,NA,NA,NA,NA,NA
174,AGATE,BOERUM,BOGART,BREMEN,BUSHWICK AVE,CENTRAL AVE,COOK,COVERT AVE,DEBEVOISE,EVERGREEN AVE,FLUSHING AVE,FORREST,GARDNER AVE,GEORGE,GRAND,GRATTAN,HAMBURG,HARRISON PL,INGRAHAM,IRVING AVE,JOHNSON AVE,KNICKERBOCKER AVE,LAGRANGE,MAUJER,MCKIBBIN,MEADOW,MELROSE,MESEROLE,METROPOLITAN AVE,MONTROSE AVE,MOORE,MORGAN AVE,MORRELL,OLD BUSHWICK AVE,PORTER AVE,PROSPECT WAY,RANDOLPH,ROCK,SCHOLES,SCOTT AVE,SEIGEL,SENECA AVE,SPRUCE,. NICHOLAS AVE,STAGG,STEWART AVE,TEN EYCK,THAMES,VANDERVOORT AVE,VARET,VARICK AVE,WATERBURY,WHITE,WYCKOFF AVE,NA,NA,NA,NA,NA
175,E ADAMS,CENTRAL AVE,COVERT AVE,CYPRESS AVE,EVERGREEN AVE,FLUSHING AVE,FORREST,GEORGE,HAMBURG,INGRAHAM,IRVING AVE,JEFFERSON PL,JOHNSON AVE,KNICKERBOCKER AVE,MELROSE,MONTEITH,PROSPECT WAY,RANDOLPH,ROCK,SENECA AVE,. NICHOLAS AVE,THAMES,TROUTMAN,VANDERVOORT AVE,VARICK AVE,WYCKOFF AVE,NA,NA,NA,NA,NA,NA,NA,NA,NA,NA,NA,NA,NA,NA,NA,NA,NA,NA,NA,NA,NA,NA,NA,NA,NA,NA,NA,NA,NA,NA,NA,NA,NA
176,E ADAMS,BEAVER,BELVIDERE,BREMEN,BROADWAY,BURR PL,BUSHWICK AVE,DEBEVOISE,DITMARS,ELLERY,EVERGREEN AVE,FAYETTE,FLOYD,FLUSHING AVE,FORREST,GARDEN,GEORGE,HUMBOLDT,JEFFERSON PL,LOCUST,MONTEITH,MYRTLE AVE,MYRTLE,PARK AVE,PARK,PROSPECT WAY,STOCKTON,STUYVESANT AVE,TROUTMAN,WALL,YATES PL,NA,NA,NA,NA,NA,NA,NA,NA,NA,NA,NA,NA,NA,NA,NA,NA,NA,NA,NA,NA,NA,NA,NA,NA,NA,NA,NA,NA
177,BROADWAY,BUSHWICK AVE,CEDAR,CENTRAL AVE,CYPRESS AVE,DEKALB AVE,DODSWORTH,ELM,EVERGREEN AVE,HAMBURG,HART,IRVING AVE,KNICKERBOCKER AVE,KOSCIUSKO,LAWTON,MYRTLE AVE,. NICHOLAS AVE,STANHOPE,STOCKHOLM,SUYDAM,WYCKOFF AVE,NA,NA,NA,NA,NA,NA,NA,NA,NA,NA,NA,NA,NA,NA,NA,NA,NA,NA,NA,NA,NA,NA,NA,NA,NA,NA,NA,NA,NA,NA,NA,NA,NA,NA,NA,NA,NA,NA
178,BROADWAY,BUSHWICK AVE,CENTRAL AVE,CHARLES PL,CYPRESS AVE,DITMARS,EVERGREEN AVE,HAMBURG,IRVING AVE,KNICKERBOCKER AVE,MYRTLE AVE,MYRTLE,. NICHOLAS AVE,STARR,STUYVESANT AVE,SUYDAM,TROUTMAN,WILLOUGHBY AVE,WYCKOFF AVE,NA,NA,NA,NA,NA,NA,NA,NA,NA,NA,NA,NA,NA,NA,NA,NA,NA,NA,NA,NA,NA,NA,NA,NA,NA,NA,NA,NA,NA,NA,NA,NA,NA,NA,NA,NA,NA,NA,NA,NA
179,ABERDEEN,BAINBRIDGE,BROADWAY,BUSHWICK AVE,CENTRAL AVE,CHAUNCEY,CONWAY,COOPER,CORNELIA,COVERT,DURYEA,ELDERT,EVERGREEN AVE,FAIRFAX,FURMAN AVE,GRANITE,HAMBURG,HANCOCK,HOPKINSON AVE,HULL PL,IRVING AVE,IVY,JACOB,JEFFERSON,KNICKERBOCKER AVE,MARGARETTA,MARION,MOFFAT,PILLING,PUTNAM AVE,SARATOGA AVE,SCHAEFFER,STEWART,STONE AVE,SUMPTER,VAN VOORHIS,VANDERVEER,VIGELIUS,WEIRFIELD,WOODBINE,WYCKOFF AVE,NA,NA,NA,NA,NA,NA,NA,NA,NA,NA,NA,NA,NA,NA,NA,NA,NA,NA
180,BLEECKER,BROADWAY,BUSHWICK AVE,CENTRAL AVE,CENTRAL PL,EVERGREEN AVE,GATES AVE,GREENE AVE,GROVE,HAMBURG,HARMAN,HIMROD,IRVING AVE,KNICKERBOCKER AVE,KOSCIUSKO,KOSSUTH PL,LAFAYETTE AVE,LINDEN,MAGNOLIA,MYRTLE AVE,PALMETTO,RALPH AVE,RALPH,. NICHOLAS AVE,STANHOPE,STOCKHOLM,VAN BUREN,WOODBINE,WYCKOFF AVE,NA,NA,NA,NA,NA,NA,NA,NA,NA,NA,NA,NA,NA,NA,NA,NA,NA,NA,NA,NA,NA,NA,NA,NA,NA,NA,NA,NA,NA,NA
181,BARTLETT,BROADWAY,COOK,DELMONICO PL,FLUSHING AVE,GERRY,GRAHAM AVE,HARRISON AVE,LEONARD,MARCY AVE,MOORE,THORNTON,THROOP AVE,TOMPKINS AVE,WALLABOUT,WHIPPLE,NA,NA,NA,NA,NA,NA,NA,NA,NA,NA,NA,NA,NA,NA,NA,NA,NA,NA,NA,NA,NA,NA,NA,NA,NA,NA,NA,NA,NA,NA,NA,NA,NA,NA,NA,NA,NA,NA,NA,NA,NA,NA,NA
182,BEDFORD AVE,BROADWAY,FLUSHING AVE,GERRY,GWINNETT,HARRISON AVE,LEE AVE,LORIMER,LYNCH,MARCY AVE,MIDDLETON,MOORE,NOSTRAND AVE,SANDFORD,SEIGEL,SPENCER,THROOP AVE,WALLABOUT,WALTON,NA,NA,NA,NA,NA,NA,NA,NA,NA,NA,NA,NA,NA,NA,NA,NA,NA,NA,NA,NA,NA,NA,NA,NA,NA,NA,NA,NA,NA,NA,NA,NA,NA,NA,NA,NA,NA,NA,NA,NA
183,BEDFORD AVE,BOERUM,BROADWAY,FLUSHING AVE,FRANKLIN AVE,HARRISON AVE,HEYWARD,LEE AVE,LYNCH,MARCY AVE,MCKIBBIN,MIDDLETON,RUTLEDGE,SKILLMAN,THROOP AVE,WALLABOUT,WYTHE AVE,NA,NA,NA,NA,NA,NA,NA,NA,NA,NA,NA,NA,NA,NA,NA,NA,NA,NA,NA,NA,NA,NA,NA,NA,NA,NA,NA,NA,NA,NA,NA,NA,NA,NA,NA,NA,NA,NA,NA,NA,NA,NA
184,12,BEDFORD AVE,BROADWAY,HARRISON AVE,HEWES,LEE AVE,MARCY AVE,PENN,RUTLEDGE,WYTHE AVE,NA,NA,NA,NA,NA,NA,NA,NA,NA,NA,NA,NA,NA,NA,NA,NA,NA,NA,NA,NA,NA,NA,NA,NA,NA,NA,NA,NA,NA,NA,NA,NA,NA,NA,NA,NA,NA,NA,NA,NA,NA,NA,NA,NA,NA,NA,NA,NA,NA
185,10,11,BEDFORD AVE,BROADWAY,DIVISION AVE,HARRISON AVE,HEWES,HOOPER,KEAP,LEE AVE,MARCY AVE,PENN,NA,NA,NA,NA,NA,NA,NA,NA,NA,NA,NA,NA,NA,NA,NA,NA,NA,NA,NA,NA,NA,NA,NA,NA,NA,NA,NA,NA,NA,NA,NA,NA,NA,NA,NA,NA,NA,NA,NA,NA,NA,NA,NA,NA,NA,NA,NA
186,10,8,9,S 9,BEDFORD AVE,DIVISION AVE,KEAP,LEE AVE,MARCY AVE,RODNEY,ROSS,NA,NA,NA,NA,NA,NA,NA,NA,NA,NA,NA,NA,NA,NA,NA,NA,NA,NA,NA,NA,NA,NA,NA,NA,NA,NA,NA,NA,NA,NA,NA,NA,NA,NA,NA,NA,NA,NA,NA,NA,NA,NA,NA,NA,NA,NA,NA,NA
187,5,6,7,8,S 9,BEDFORD AVE,CLYMER,DIVISION AVE,LEE AVE,MARCY AVE,ROSS,TAYLOR,WILSON,NA,NA,NA,NA,NA,NA,NA,NA,NA,NA,NA,NA,NA,NA,NA,NA,NA,NA,NA,NA,NA,NA,NA,NA,NA,NA,NA,NA,NA,NA,NA,NA,NA,NA,NA,NA,NA,NA,NA,NA,NA,NA,NA,NA,NA,NA
188,S 10,S 11,2,3,4,5,S 9,BEDFORD AVE,CLYMER,DIVISION AVE,LEE AVE,MORTON,RUSH,TAYLOR,WYTHE AVE,NA,NA,NA,NA,NA,NA,NA,NA,NA,NA,NA,NA,NA,NA,NA,NA,NA,NA,NA,NA,NA,NA,NA,NA,NA,NA,NA,NA,NA,NA,NA,NA,NA,NA,NA,NA,NA,NA,NA,NA,NA,NA,NA,NA
189,BEDFORD AVE,HEWES,HOOPER,KEAP,RODNEY,ROSS,WILSON,WYTHE AVE,NA,NA,NA,NA,NA,NA,NA,NA,NA,NA,NA,NA,NA,NA,NA,NA,NA,NA,NA,NA,NA,NA,NA,NA,NA,NA,NA,NA,NA,NA,NA,NA,NA,NA,NA,NA,NA,NA,NA,NA,NA,NA,NA,NA,NA,NA,NA,NA,NA,NA,NA
190,ADELPHI,CANAL,CARLTON AVE,CLASON AVE,CLERMONT AVE,CLYMER,CROSS,CUMBERLAND,FLUSHING AVE,FRANKLIN AVE,GRAHAM,GRAND AVE,HEWES,HEYWARD,HOOPER,KEAP,KENT AVE,N OXFORD,PENN,PORTLAND AVE N,RODNEY,ROSS,RUTLEDGE,RYERSON,TAYLOR,VANDERBILT AVE,WAALBOCHT PL,WALLABOUT,WASHINGTON AVE,WILLIAMSBURGH RD,WILSON,WYTHE AVE,NA,NA,NA,NA,NA,NA,NA,NA,NA,NA,NA,NA,NA,NA,NA,NA,NA,NA,NA,NA,NA,NA,NA,NA,NA,NA,NA
191,S 11,1,2,BEDFORD AVE,CLYMER,CROSS,DIVISION AVE,KENT AVE,MORTON,RUSH,TAYLOR,WILSON,WYTHE AVE,NA,NA,NA,NA,NA,NA,NA,NA,NA,NA,NA,NA,NA,NA,NA,NA,NA,NA,NA,NA,NA,NA,NA,NA,NA,NA,NA,NA,NA,NA,NA,NA,NA,NA,NA,NA,NA,NA,NA,NA,NA,NA,NA,NA,NA,NA
192,AUBURN PL,CUMBERLAND,FLUSHING AVE,MYRTLE AVE,N OXFORD,PARK AVE,PORTLAND AVE N,NA,NA,NA,NA,NA,NA,NA,NA,NA,NA,NA,NA,NA,NA,NA,NA,NA,NA,NA,NA,NA,NA,NA,NA,NA,NA,NA,NA,NA,NA,NA,NA,NA,NA,NA,NA,NA,NA,NA,NA,NA,NA,NA,NA,NA,NA,NA,NA,NA,NA,NA,NA
193,CARLTON AVE,CUMBERLAND,FLUSHING AVE,MYRTLE AVE,PARK AVE,WILLOUGHBY AVE,NA,NA,NA,NA,NA,NA,NA,NA,NA,NA,NA,NA,NA,NA,NA,NA,NA,NA,NA,NA,NA,NA,NA,NA,NA,NA,NA,NA,NA,NA,NA,NA,NA,NA,NA,NA,NA,NA,NA,NA,NA,NA,NA,NA,NA,NA,NA,NA,NA,NA,NA,NA,NA
194,ADELPHI,CARLTON AVE,FLUSHING AVE,MYRTLE AVE,PARK AVE,NA,NA,NA,NA,NA,NA,NA,NA,NA,NA,NA,NA,NA,NA,NA,NA,NA,NA,NA,NA,NA,NA,NA,NA,NA,NA,NA,NA,NA,NA,NA,NA,NA,NA,NA,NA,NA,NA,NA,NA,NA,NA,NA,NA,NA,NA,NA,NA,NA,NA,NA,NA,NA,NA
195,ADELPHI,CLERMONT AVE,FLUSHING AVE,MYRTLE AVE,PARK AVE,WILLOUGHBY AVE,NA,NA,NA,NA,NA,NA,NA,NA,NA,NA,NA,NA,NA,NA,NA,NA,NA,NA,NA,NA,NA,NA,NA,NA,NA,NA,NA,NA,NA,NA,NA,NA,NA,NA,NA,NA,NA,NA,NA,NA,NA,NA,NA,NA,NA,NA,NA,NA,NA,NA,NA,NA,NA
196,CLERMONT AVE,FLUSHING AVE,MYRTLE AVE,PARK AVE,VANDERBILT AVE,NA,NA,NA,NA,NA,NA,NA,NA,NA,NA,NA,NA,NA,NA,NA,NA,NA,NA,NA,NA,NA,NA,NA,NA,NA,NA,NA,NA,NA,NA,NA,NA,NA,NA,NA,NA,NA,NA,NA,NA,NA,NA,NA,NA,NA,NA,NA,NA,NA,NA,NA,NA,NA,NA
197,CLINTON AVE,FLUSHING AVE,MYRTLE AVE,PARK AVE,VANDERBILT AVE,WASHINGTON AVE,WAVERLY AVE,NA,NA,NA,NA,NA,NA,NA,NA,NA,NA,NA,NA,NA,NA,NA,NA,NA,NA,NA,NA,NA,NA,NA,NA,NA,NA,NA,NA,NA,NA,NA,NA,NA,NA,NA,NA,NA,NA,NA,NA,NA,NA,NA,NA,NA,NA,NA,NA,NA,NA,NA,NA
198,CLERMONT AVE,CLINTON AVE,DEKALB AVE,MYRTLE AVE,VANDERBILT AVE,WASHINGTON AVE,WAVERLY AVE,WILLOUGHBY AVE,NA,NA,NA,NA,NA,NA,NA,NA,NA,NA,NA,NA,NA,NA,NA,NA,NA,NA,NA,NA,NA,NA,NA,NA,NA,NA,NA,NA,NA,NA,NA,NA,NA,NA,NA,NA,NA,NA,NA,NA,NA,NA,NA,NA,NA,NA,NA,NA,NA,NA,NA
199,ADELPHI,CARLTON AVE,CLERMONT AVE,CUMBERLAND,DEKALB AVE,WILLOUGHBY AVE,NA,NA,NA,NA,NA,NA,NA,NA,NA,NA,NA,NA,NA,NA,NA,NA,NA,NA,NA,NA,NA,NA,NA,NA,NA,NA,NA,NA,NA,NA,NA,NA,NA,NA,NA,NA,NA,NA,NA,NA,NA,NA,NA,NA,NA,NA,NA,NA,NA,NA,NA,NA,NA
200,ADELPHI,CARLTON AVE,CLERMONT AVE,CLINTON AVE,CUMBERLAND,DEKALB AVE,LAFAYETTE AVE,VANDERBILT AVE,WASHINGTON AVE,WAVERLY AVE,NA,NA,NA,NA,NA,NA,NA,NA,NA,NA,NA,NA,NA,NA,NA,NA,NA,NA,NA,NA,NA,NA,NA,NA,NA,NA,NA,NA,NA,NA,NA,NA,NA,NA,NA,NA,NA,NA,NA,NA,NA,NA,NA,NA,NA,NA,NA,NA,NA
201,6 AVE,ATLANTIC AVE,CUMBERLAND,DEKALB AVE,FULTON,HANSON PL,LAFAYETTE AVE,S OXFORD,PORTLAND AVE S,NA,NA,NA,NA,NA,NA,NA,NA,NA,NA,NA,NA,NA,NA,NA,NA,NA,NA,NA,NA,NA,NA,NA,NA,NA,NA,NA,NA,NA,NA,NA,NA,NA,NA,NA,NA,NA,NA,NA,NA,NA,NA,NA,NA,NA,NA,NA,NA,NA,NA
202,ATLANTIC AVE,CARLTON AVE,CUMBERLAND,FULTON,GREENE AVE,HANSON PL,LAFAYETTE AVE,S OXFORD,NA,NA,NA,NA,NA,NA,NA,NA,NA,NA,NA,NA,NA,NA,NA,NA,NA,NA,NA,NA,NA,NA,NA,NA,NA,NA,NA,NA,NA,NA,NA,NA,NA,NA,NA,NA,NA,NA,NA,NA,NA,NA,NA,NA,NA,NA,NA,NA,NA,NA,NA
203,ADELPHI,ATLANTIC AVE,CARLTON AVE,CLERMONT AVE,CUMBERLAND,FULTON,GREENE AVE,LAFAYETTE AVE,NA,NA,NA,NA,NA,NA,NA,NA,NA,NA,NA,NA,NA,NA,NA,NA,NA,NA,NA,NA,NA,NA,NA,NA,NA,NA,NA,NA,NA,NA,NA,NA,NA,NA,NA,NA,NA,NA,NA,NA,NA,NA,NA,NA,NA,NA,NA,NA,NA,NA,NA
204,ADELPHI,ATLANTIC AVE,CLERMONT AVE,CLINTON AVE,FULTON,GATES AVE,UNDERHILL AVE,VANDERBILT AVE,WASHINGTON AVE,WAVERLY AVE,NA,NA,NA,NA,NA,NA,NA,NA,NA,NA,NA,NA,NA,NA,NA,NA,NA,NA,NA,NA,NA,NA,NA,NA,NA,NA,NA,NA,NA,NA,NA,NA,NA,NA,NA,NA,NA,NA,NA,NA,NA,NA,NA,NA,NA,NA,NA,NA,NA
205,CLERMONT AVE,CLINTON AVE,FULTON,GATES AVE,GREENE AVE,LAFAYETTE AVE,VANDERBILT AVE,WASHINGTON AVE,WAVERLY AVE,NA,NA,NA,NA,NA,NA,NA,NA,NA,NA,NA,NA,NA,NA,NA,NA,NA,NA,NA,NA,NA,NA,NA,NA,NA,NA,NA,NA,NA,NA,NA,NA,NA,NA,NA,NA,NA,NA,NA,NA,NA,NA,NA,NA,NA,NA,NA,NA,NA,NA
206,BROADWAY,DEKALB AVE,DITMARS,DODSWORTH,HART,JEFFERSON PL,LAWTON,LEWIS AVE,MYRTLE AVE,PULASKI,REID AVE,STOCKTON,STUYVESANT AVE,VERNON AVE,WILLOUGHBY AVE,YATES AVE,NA,NA,NA,NA,NA,NA,NA,NA,NA,NA,NA,NA,NA,NA,NA,NA,NA,NA,NA,NA,NA,NA,NA,NA,NA,NA,NA,NA,NA,NA,NA,NA,NA,NA,NA,NA,NA,NA,NA,NA,NA,NA,NA
207,BROADWAY,DEKALB AVE,KOSCIUSKO,LAFAYETTE AVE,LEWIS AVE,PATCHEN AVE,REID AVE,STUYVESANT AVE,YATES AVE,NA,NA,NA,NA,NA,NA,NA,NA,NA,NA,NA,NA,NA,NA,NA,NA,NA,NA,NA,NA,NA,NA,NA,NA,NA,NA,NA,NA,NA,NA,NA,NA,NA,NA,NA,NA,NA,NA,NA,NA,NA,NA,NA,NA,NA,NA,NA,NA,NA,NA
208,LEWIS AVE,MYRTLE AVE,STOCKTON,THROOP AVE,TOMPKINS AVE,VERNON AVE,WILLOUGHBY AVE,YATES AVE,NA,NA,NA,NA,NA,NA,NA,NA,NA,NA,NA,NA,NA,NA,NA,NA,NA,NA,NA,NA,NA,NA,NA,NA,NA,NA,NA,NA,NA,NA,NA,NA,NA,NA,NA,NA,NA,NA,NA,NA,NA,NA,NA,NA,NA,NA,NA,NA,NA,NA,NA
209,DEKALB AVE,HART,KOSCIUSKO,LAFAYETTE AVE,LEWIS AVE,PULASKI,THROOP AVE,TOMPKINS AVE,WILLOUGHBY AVE,YATES AVE,NA,NA,NA,NA,NA,NA,NA,NA,NA,NA,NA,NA,NA,NA,NA,NA,NA,NA,NA,NA,NA,NA,NA,NA,NA,NA,NA,NA,NA,NA,NA,NA,NA,NA,NA,NA,NA,NA,NA,NA,NA,NA,NA,NA,NA,NA,NA,NA,NA
210,DEKALB AVE,HART,MARCY AVE,NOSTRAND AVE,PULASKI,TOMPKINS AVE,NA,NA,NA,NA,NA,NA,NA,NA,NA,NA,NA,NA,NA,NA,NA,NA,NA,NA,NA,NA,NA,NA,NA,NA,NA,NA,NA,NA,NA,NA,NA,NA,NA,NA,NA,NA,NA,NA,NA,NA,NA,NA,NA,NA,NA,NA,NA,NA,NA,NA,NA,NA,NA
211,BEDFORD AVE,DEKALB AVE,KOSCIUSKO,LAFAYETTE AVE,MARCY AVE,NOSTRAND AVE,SPENCER,TOMPKINS AVE,NA,NA,NA,NA,NA,NA,NA,NA,NA,NA,NA,NA,NA,NA,NA,NA,NA,NA,NA,NA,NA,NA,NA,NA,NA,NA,NA,NA,NA,NA,NA,NA,NA,NA,NA,NA,NA,NA,NA,NA,NA,NA,NA,NA,NA,NA,NA,NA,NA,NA,NA
212,BEDFORD AVE,MARCY AVE,MYRTLE AVE,NOSTRAND AVE,SANDFORD,SPENCER,TOMPKINS AVE,VERNON AVE,WALWORTH,WILLOUGHBY AVE,NA,NA,NA,NA,NA,NA,NA,NA,NA,NA,NA,NA,NA,NA,NA,NA,NA,NA,NA,NA,NA,NA,NA,NA,NA,NA,NA,NA,NA,NA,NA,NA,NA,NA,NA,NA,NA,NA,NA,NA,NA,NA,NA,NA,NA,NA,NA,NA,NA
213,BEDFORD AVE,DEKALB AVE,HART,MARCY AVE,NOSTRAND AVE,PULASKI,SANDFORD,SPENCER,TOMPKINS AVE,WALWORTH,WILLOUGHBY AVE,NA,NA,NA,NA,NA,NA,NA,NA,NA,NA,NA,NA,NA,NA,NA,NA,NA,NA,NA,NA,NA,NA,NA,NA,NA,NA,NA,NA,NA,NA,NA,NA,NA,NA,NA,NA,NA,NA,NA,NA,NA,NA,NA,NA,NA,NA,NA,NA
214,BEDFORD AVE,ELLERY,FLUSHING AVE,MYRTLE AVE,NOSTRAND AVE,PARK AVE,SANDFORD,SPENCER,WALWORTH,NA,NA,NA,NA,NA,NA,NA,NA,NA,NA,NA,NA,NA,NA,NA,NA,NA,NA,NA,NA,NA,NA,NA,NA,NA,NA,NA,NA,NA,NA,NA,NA,NA,NA,NA,NA,NA,NA,NA,NA,NA,NA,NA,NA,NA,NA,NA,NA,NA,NA
215,BARTLETT,DELMONICO PL,ELLERY,FLUSHING AVE,GERRY,HARRISON AVE,HOPKINS,MARCY AVE,NOSTRAND AVE,PARK AVE,TOMPKINS AVE,NA,NA,NA,NA,NA,NA,NA,NA,NA,NA,NA,NA,NA,NA,NA,NA,NA,NA,NA,NA,NA,NA,NA,NA,NA,NA,NA,NA,NA,NA,NA,NA,NA,NA,NA,NA,NA,NA,NA,NA,NA,NA,NA,NA,NA,NA,NA,NA
216,FLOYD,MARCY AVE,MYRTLE AVE,NOSTRAND AVE,PARK AVE,SANDFORD,STOCKTON,VERNON AVE,WALWORTH,NA,NA,NA,NA,NA,NA,NA,NA,NA,NA,NA,NA,NA,NA,NA,NA,NA,NA,NA,NA,NA,NA,NA,NA,NA,NA,NA,NA,NA,NA,NA,NA,NA,NA,NA,NA,NA,NA,NA,NA,NA,NA,NA,NA,NA,NA,NA,NA,NA,NA
217,DELMONICO PL,ELLERY,FLUSHING AVE,HOPKINS,PARK AVE,THROOP AVE,TOMPKINS AVE,NA,NA,NA,NA,NA,NA,NA,NA,NA,NA,NA,NA,NA,NA,NA,NA,NA,NA,NA,NA,NA,NA,NA,NA,NA,NA,NA,NA,NA,NA,NA,NA,NA,NA,NA,NA,NA,NA,NA,NA,NA,NA,NA,NA,NA,NA,NA,NA,NA,NA,NA,NA
218,FLOYD,MARCY AVE,MYRTLE AVE,PARK AVE,STOCKTON,THROOP AVE,TOMPKINS AVE,VERNON AVE,NA,NA,NA,NA,NA,NA,NA,NA,NA,NA,NA,NA,NA,NA,NA,NA,NA,NA,NA,NA,NA,NA,NA,NA,NA,NA,NA,NA,NA,NA,NA,NA,NA,NA,NA,NA,NA,NA,NA,NA,NA,NA,NA,NA,NA,NA,NA,NA,NA,NA,NA
219,BROADWAY,ELLERY,FAYETTE,FLUSHING AVE,HOPKINS,PARK AVE,THORNTON,THROOP AVE,YATES AVE,YATES PL,NA,NA,NA,NA,NA,NA,NA,NA,NA,NA,NA,NA,NA,NA,NA,NA,NA,NA,NA,NA,NA,NA,NA,NA,NA,NA,NA,NA,NA,NA,NA,NA,NA,NA,NA,NA,NA,NA,NA,NA,NA,NA,NA,NA,NA,NA,NA,NA,NA
220,BROADWAY,FLOYD,LEWIS AVE,LOCUST,PARK AVE,STOCKTON,THROOP AVE,YATES AVE,NA,NA,NA,NA,NA,NA,NA,NA,NA,NA,NA,NA,NA,NA,NA,NA,NA,NA,NA,NA,NA,NA,NA,NA,NA,NA,NA,NA,NA,NA,NA,NA,NA,NA,NA,NA,NA,NA,NA,NA,NA,NA,NA,NA,NA,NA,NA,NA,NA,NA,NA
221,4 AVE,5 AVE,ATLANTIC AVE,BERGEN,DEAN,FLATBUSH AVE,HANSON PL,PACIFIC,RAYMOND,NA,NA,NA,NA,NA,NA,NA,NA,NA,NA,NA,NA,NA,NA,NA,NA,NA,NA,NA,NA,NA,NA,NA,NA,NA,NA,NA,NA,NA,NA,NA,NA,NA,NA,NA,NA,NA,NA,NA,NA,NA,NA,NA,NA,NA,NA,NA,NA,NA,NA
222,4 AVE,5 AVE,6 AVE,BALTIC,BERGEN,FLATBUSH AVE,PARK PL,PROSPECT PL,. MARKS AVE,WARREN,WYCKOFF,NA,NA,NA,NA,NA,NA,NA,NA,NA,NA,NA,NA,NA,NA,NA,NA,NA,NA,NA,NA,NA,NA,NA,NA,NA,NA,NA,NA,NA,NA,NA,NA,NA,NA,NA,NA,NA,NA,NA,NA,NA,NA,NA,NA,NA,NA,NA,NA
223,4 AVE,5 AVE,6 AVE,7 AVE,8 AVE,BALTIC,BUTLER,CARLTON AVE,DOUGLASS,FLATBUSH AVE,PARK PL,PROSPECT PL,. JOHNS PL,STERLING PL,WARREN,NA,NA,NA,NA,NA,NA,NA,NA,NA,NA,NA,NA,NA,NA,NA,NA,NA,NA,NA,NA,NA,NA,NA,NA,NA,NA,NA,NA,NA,NA,NA,NA,NA,NA,NA,NA,NA,NA,NA,NA,NA,NA,NA,NA
224,4 AVE,5 AVE,6 AVE,7 AVE,8 AVE,9 AVE,CARROLL,DEGRAW,DOUGLASS,FISKE PL,FLATBUSH AVE,LINCOLN PL,MACOMB,MONTGOMERY,PARADE PL,E PLZ,W PLZ,POLHEMUS PL,PRESIDENT,SACKETT,. JOHNS PL,UNION,NA,NA,NA,NA,NA,NA,NA,NA,NA,NA,NA,NA,NA,NA,NA,NA,NA,NA,NA,NA,NA,NA,NA,NA,NA,NA,NA,NA,NA,NA,NA,NA,NA,NA,NA,NA,NA
225,1 LN,2 AVE,2 LN,3 AVE,3 LN,4 AVE,4 LN,5 AVE,5 LN,6 AVE,6 LN,7 AVE,7 LN,8 AVE,8 LN,9 AVE,9 LN,DENTON PL,FISKE PL,MACOMB,WHITWELL PL,NA,NA,NA,NA,NA,NA,NA,NA,NA,NA,NA,NA,NA,NA,NA,NA,NA,NA,NA,NA,NA,NA,NA,NA,NA,NA,NA,NA,NA,NA,NA,NA,NA,NA,NA,NA,NA,NA
226,10 AVE,11 LN,2 AVE,3 AVE,4 AVE,5 AVE,6 AVE,7 AVE,8 AVE,8 LN,9 AVE,9 LN,NA,NA,NA,NA,NA,NA,NA,NA,NA,NA,NA,NA,NA,NA,NA,NA,NA,NA,NA,NA,NA,NA,NA,NA,NA,NA,NA,NA,NA,NA,NA,NA,NA,NA,NA,NA,NA,NA,NA,NA,NA,NA,NA,NA,NA,NA,NA
227,11 LN,12 LN,2 AVE,3 AVE,4 AVE,5 AVE,6 AVE,7 AVE,8 AVE,9 AVE,NA,NA,NA,NA,NA,NA,NA,NA,NA,NA,NA,NA,NA,NA,NA,NA,NA,NA,NA,NA,NA,NA,NA,NA,NA,NA,NA,NA,NA,NA,NA,NA,NA,NA,NA,NA,NA,NA,NA,NA,NA,NA,NA,NA,NA,NA,NA,NA,NA
228,12 LN,13,2 AVE,3 AVE,4 AVE,5 AVE,6 AVE,7 AVE,8 AVE,9 AVE,HAMILTON AVE,NA,NA,NA,NA,NA,NA,NA,NA,NA,NA,NA,NA,NA,NA,NA,NA,NA,NA,NA,NA,NA,NA,NA,NA,NA,NA,NA,NA,NA,NA,NA,NA,NA,NA,NA,NA,NA,NA,NA,NA,NA,NA,NA,NA,NA,NA,NA,NA
229,13,14,15,16,2 AVE,3 AVE,4 AVE,5 AVE,6 AVE,7 AVE,8 AVE,HAMILTON AVE,PROSPECT AVE,NA,NA,NA,NA,NA,NA,NA,NA,NA,NA,NA,NA,NA,NA,NA,NA,NA,NA,NA,NA,NA,NA,NA,NA,NA,NA,NA,NA,NA,NA,NA,NA,NA,NA,NA,NA,NA,NA,NA,NA,NA,NA,NA,NA,NA,NA
230,10 LN,11 AVE,13,14,15,16,3 AVE,4 AVE,5 AVE,6 AVE,7 AVE,8 AVE,9 AVE,BRAXTON,JACKSON PL,PROSPECT AVE,SHERMAN,WEBSTER PL,NA,NA,NA,NA,NA,NA,NA,NA,NA,NA,NA,NA,NA,NA,NA,NA,NA,NA,NA,NA,NA,NA,NA,NA,NA,NA,NA,NA,NA,NA,NA,NA,NA,NA,NA,NA,NA,NA,NA,NA,NA
231,ALBANY AVE,ATLANTIC AVE,BROOKLYN AVE,DECATUR,FULTON,HALSEY,HERKIMER,KINGSTON AVE,MACON,MARCY AVE,MCDONOUGH,NEW YORK AVE,. ANDREWS PL,THROOP AVE,TOMPKINS AVE,YATES AVE,NA,NA,NA,NA,NA,NA,NA,NA,NA,NA,NA,NA,NA,NA,NA,NA,NA,NA,NA,NA,NA,NA,NA,NA,NA,NA,NA,NA,NA,NA,NA,NA,NA,NA,NA,NA,NA,NA,NA,NA,NA,NA,NA
232,ARLINGTON PL,ATLANTIC AVE,BEDFORD AVE,BREVOORT PL,FRANKLIN AVE,FULTON,HALSEY,HANCOCK,HERKIMER PL,HERKIMER,JEFFERSON,MACON,MARCY AVE,MCDONOUGH,NEW YORK AVE,NOSTRAND AVE,PERRY PL,VERONA PL,NA,NA,NA,NA,NA,NA,NA,NA,NA,NA,NA,NA,NA,NA,NA,NA,NA,NA,NA,NA,NA,NA,NA,NA,NA,NA,NA,NA,NA,NA,NA,NA,NA,NA,NA,NA,NA,NA,NA,NA,NA
233,BEDFORD AVE,GATES AVE,MARCY AVE,MONROE,NOSTRAND AVE,QUINCY,NA,NA,NA,NA,NA,NA,NA,NA,NA,NA,NA,NA,NA,NA,NA,NA,NA,NA,NA,NA,NA,NA,NA,NA,NA,NA,NA,NA,NA,NA,NA,NA,NA,NA,NA,NA,NA,NA,NA,NA,NA,NA,NA,NA,NA,NA,NA,NA,NA,NA,NA,NA,NA
234,BEDFORD AVE,JEFFERSON,MADISON,MARCY AVE,MONROE,NOSTRAND AVE,PUTNAM AVE,NA,NA,NA,NA,NA,NA,NA,NA,NA,NA,NA,NA,NA,NA,NA,NA,NA,NA,NA,NA,NA,NA,NA,NA,NA,NA,NA,NA,NA,NA,NA,NA,NA,NA,NA,NA,NA,NA,NA,NA,NA,NA,NA,NA,NA,NA,NA,NA,NA,NA,NA,NA
235,GATES AVE,LEFFERTS PARK,LEXINGTON AVE,MARCY AVE,MONROE,QUINCY,THROOP AVE,TOMPKINS AVE,YATES AVE,NA,NA,NA,NA,NA,NA,NA,NA,NA,NA,NA,NA,NA,NA,NA,NA,NA,NA,NA,NA,NA,NA,NA,NA,NA,NA,NA,NA,NA,NA,NA,NA,NA,NA,NA,NA,NA,NA,NA,NA,NA,NA,NA,NA,NA,NA,NA,NA,NA,NA
236,HALSEY,HANCOCK,JEFFERSON,MACON,MADISON,MARCY AVE,MONROE,PUTNAM AVE,THROOP AVE,TOMPKINS AVE,YATES AVE,NA,NA,NA,NA,NA,NA,NA,NA,NA,NA,NA,NA,NA,NA,NA,NA,NA,NA,NA,NA,NA,NA,NA,NA,NA,NA,NA,NA,NA,NA,NA,NA,NA,NA,NA,NA,NA,NA,NA,NA,NA,NA,NA,NA,NA,NA,NA,NA
237,GREENE AVE,LAFAYETTE AVE,LEXINGTON AVE,MARCY AVE,THROOP AVE,TOMPKINS AVE,VAN BUREN,YATES AVE,NA,NA,NA,NA,NA,NA,NA,NA,NA,NA,NA,NA,NA,NA,NA,NA,NA,NA,NA,NA,NA,NA,NA,NA,NA,NA,NA,NA,NA,NA,NA,NA,NA,NA,NA,NA,NA,NA,NA,NA,NA,NA,NA,NA,NA,NA,NA,NA,NA,NA,NA
238,BEDFORD AVE,CLIFTON PL,GREENE AVE,LAFAYETTE AVE,LEXINGTON AVE,MARCY AVE,NOSTRAND AVE,QUINCY,VAN BUREN,NA,NA,NA,NA,NA,NA,NA,NA,NA,NA,NA,NA,NA,NA,NA,NA,NA,NA,NA,NA,NA,NA,NA,NA,NA,NA,NA,NA,NA,NA,NA,NA,NA,NA,NA,NA,NA,NA,NA,NA,NA,NA,NA,NA,NA,NA,NA,NA,NA,NA
239,ATLANTIC AVE,BERGEN,BROOKLYN AVE,BUTLER,CARROLL,CROWN,DEAN,DEGRAW,DOUGLASS,MONTGOMERY,NEW YORK AVE,NOSTRAND AVE,OLD CLOVE RD,PACIFIC,PARK PL,PARK WAY,PRESIDENT,PROSPECT PL,. MARKS AVE,UNION,NA,NA,NA,NA,NA,NA,NA,NA,NA,NA,NA,NA,NA,NA,NA,NA,NA,NA,NA,NA,NA,NA,NA,NA,NA,NA,NA,NA,NA,NA,NA,NA,NA,NA,NA,NA,NA,NA,NA
240,ATLANTIC AVE,BEDFORD AVE,BEDFORD AVE S,BERGEN,BUTLER,CARROLL,CROWN,DEAN,DEGRAW,DOUGLASS,FRANKLIN AVE,MONTGOMERY,NOSTRAND AVE,OLD CLOVE,PACIFIC,PARK PL,PARK WAY,PRESIDENT,PROSPECT PL,ROGERS AVE,. MARKS AVE,UNION,WARREN,NA,NA,NA,NA,NA,NA,NA,NA,NA,NA,NA,NA,NA,NA,NA,NA,NA,NA,NA,NA,NA,NA,NA,NA,NA,NA,NA,NA,NA,NA,NA,NA,NA,NA,NA,NA
241,ALBANY AVE,ATLANTIC AVE,BERGEN,BROOKLYN AVE,BUTLER,CARROLL,CROWN,DEAN,DEGRAW,DOUGLASS,KINGSTON AVE,MALBONE,MONTGOMERY,PACIFIC,PARK PL,PARK WAY,PRESIDENT,PROSPECT PL,SCHENECTADY AVE,. MARKS AVE,TROY AVE,UNION,WARREN,NA,NA,NA,NA,NA,NA,NA,NA,NA,NA,NA,NA,NA,NA,NA,NA,NA,NA,NA,NA,NA,NA,NA,NA,NA,NA,NA,NA,NA,NA,NA,NA,NA,NA,NA,NA
242,ATLANTIC AVE,BERGEN,BUFFALO AVE,BUTLER,CARROLL,CROWN,DEAN,DEGRAW,DOUGLASS,HOPKINSON AVE,HOWARD AVE,PACIFIC,PARK PL,PARK WAY,PRESIDENT,RALPH AVE,ROCHESTER AVE,ROCKAWAY AVE,SARATOGA AVE,SCHENECTADY AVE,. MARKS AVE,STONE AVE,UNION,UTICA AVE,WARREN,NA,NA,NA,NA,NA,NA,NA,NA,NA,NA,NA,NA,NA,NA,NA,NA,NA,NA,NA,NA,NA,NA,NA,NA,NA,NA,NA,NA,NA,NA,NA,NA,NA,NA
243,GATES AVE,GREENE AVE,JEFFERSON,LAFAYETTE AVE,LEXINGTON AVE,MADISON,MONROE,PUTNAM AVE,QUINCY,REID AVE,STUYVESANT AVE,VAN BUREN,NA,NA,NA,NA,NA,NA,NA,NA,NA,NA,NA,NA,NA,NA,NA,NA,NA,NA,NA,NA,NA,NA,NA,NA,NA,NA,NA,NA,NA,NA,NA,NA,NA,NA,NA,NA,NA,NA,NA,NA,NA,NA,NA,NA,NA,NA,NA
244,GATES AVE,GREENE AVE,HALSEY,HANCOCK,JEFFERSON,LAFAYETTE AVE,LEWIS AVE,LEXINGTON AVE,MADISON,MONROE,PUTNAM AVE,QUINCY,STUYVESANT AVE,VAN BUREN,YATES AVE,NA,NA,NA,NA,NA,NA,NA,NA,NA,NA,NA,NA,NA,NA,NA,NA,NA,NA,NA,NA,NA,NA,NA,NA,NA,NA,NA,NA,NA,NA,NA,NA,NA,NA,NA,NA,NA,NA,NA,NA,NA,NA,NA,NA
245,ALBANY AVE,ATLANTIC AVE,BAINBRIDGE,CHAUNCEY,DECATUR,FULTON,HALSEY,HERKIMER,LEWIS AVE,MACON,MCDONOUGH,SCHENECTADY AVE,STUYVESANT AVE,TROY AVE,YATES AVE,NA,NA,NA,NA,NA,NA,NA,NA,NA,NA,NA,NA,NA,NA,NA,NA,NA,NA,NA,NA,NA,NA,NA,NA,NA,NA,NA,NA,NA,NA,NA,NA,NA,NA,NA,NA,NA,NA,NA,NA,NA,NA,NA,NA
246,BAINBRIDGE,DECATUR,HALSEY,HANCOCK,JEFFERSON,MACON,MADISON,MCDONOUGH,PATCHEN AVE,PUTNAM AVE,REID AVE,STUYVESANT AVE,NA,NA,NA,NA,NA,NA,NA,NA,NA,NA,NA,NA,NA,NA,NA,NA,NA,NA,NA,NA,NA,NA,NA,NA,NA,NA,NA,NA,NA,NA,NA,NA,NA,NA,NA,NA,NA,NA,NA,NA,NA,NA,NA,NA,NA,NA,NA
247,ATLANTIC AVE,BAINBRIDGE,BUFFALO AVE,CHAUNCEY,FELLOWS PL,FULTON,HERKIMER,HUNTERFLY RD,MARION,PATCHEN AVE,REID AVE,ROCHESTER AVE,SCHENECTADY AVE,STUYVESANT AVE,SUMPTER,SUYDAM PL,UTICA AVE,NA,NA,NA,NA,NA,NA,NA,NA,NA,NA,NA,NA,NA,NA,NA,NA,NA,NA,NA,NA,NA,NA,NA,NA,NA,NA,NA,NA,NA,NA,NA,NA,NA,NA,NA,NA,NA,NA,NA,NA,NA,NA
248,BROADWAY,GATES AVE,GREENE AVE,LAFAYETTE AVE,LEXINGTON AVE,MADISON,MONROE,PATCHEN AVE,QUINCY,RALPH AVE,REID AVE,VAN BUREN,NA,NA,NA,NA,NA,NA,NA,NA,NA,NA,NA,NA,NA,NA,NA,NA,NA,NA,NA,NA,NA,NA,NA,NA,NA,NA,NA,NA,NA,NA,NA,NA,NA,NA,NA,NA,NA,NA,NA,NA,NA,NA,NA,NA,NA,NA,NA
249,BAINBRIDGE,BUFFALO AVE,CHAUNCEY,DECATUR,FULTON,HALSEY,HANCOCK,JEFFERSON,MACON,MADISON,MARION,MCDONOUGH,MCDOUGAL,PATCHEN AVE,PUTNAM AVE,RALPH AVE,SUMPTER,NA,NA,NA,NA,NA,NA,NA,NA,NA,NA,NA,NA,NA,NA,NA,NA,NA,NA,NA,NA,NA,NA,NA,NA,NA,NA,NA,NA,NA,NA,NA,NA,NA,NA,NA,NA,NA,NA,NA,NA,NA,NA
250,ABERDEEN,ATLANTIC AVE,BAINBRIDGE,BANCROFT PL,BROADWAY,BUFFALO AVE,CHAUNCEY,COLUMBUS PL,COOPER PL,COVERT,DECATUR,ELDERT,FULTON,GATES AVE,GUNTHER PL,HALSEY,HANCOCK,HERKIMER,HOPKINSON AVE,HOWARD AVE,HULL PL,HULL,IVY,JACOB,JEFFERSON,KANE PL,LINDEN,LOUIS PL,MACON,MADISON,MAGNOLIA,MARGARETTA,MARION,MCDONOUGH,MCDOUGAL,MONROE,OCEAN PL,OLIVE PL,PALMETTO,PLEASANT PL,PRESCOTT PL,PUTNAM AVE,QUINCY,RADDE PL,RALPH AVE,ROCKAWAY AVE,RUSSELL PL,SACKMAN,SARATOGA AVE,SCHAEFFER,SOMERS,STEWART,STONE AVE,SUMPTER,TRUXTON,VAN VOORHIS,VANDERVEER,VIGELIUS,WOODBINE
