ED,V1,V2,V3,V4,V5,V6,V7,V8,V9,V10,V11,V12,V13,V14,V15,V16,V17,V18,V19,V20,V21,V22,V23,V24,V25,V26,V27,V28,V29,V30,V31,V32,V33,V34,V35,V36,V37,V38,V39,V40,V41,V42,V43,V44,V45,V46,V47,V48,V49,V50,V51,V52,V53,V54,V55,V56,V57,V58,V59
1,Columbia Hts,Cranberry St,Doughty St,Elizabeth Pl,Front St,Fulton St,Furman St,Hicks St,McKenney St,Middagh St,Poplar St,Vine St,Willow St,NA,NA,NA,NA,NA,NA,NA,NA,NA,NA,NA,NA,NA,NA,NA,NA,NA,NA,NA,NA,NA,NA,NA,NA,NA,NA,NA,NA,NA,NA,NA,NA,NA,NA,NA,NA,NA,NA,NA,NA,NA,NA,NA,NA,NA,NA
2,Clark St,Columbia Hts,Cranberry St,Furman St,Hicks St,Love Ln,Orange St,Pierrepont Pl,Pierrepont St,Pineapple St,Willow St,NA,NA,NA,NA,NA,NA,NA,NA,NA,NA,NA,NA,NA,NA,NA,NA,NA,NA,NA,NA,NA,NA,NA,NA,NA,NA,NA,NA,NA,NA,NA,NA,NA,NA,NA,NA,NA,NA,NA,NA,NA,NA,NA,NA,NA,NA,NA,NA
3,Columbia Hts,Columbia Pl,Furman St,Grace Court Aly,Grace Ct,Hicks St,Joralemon St,Montague St,Montague Terr,Pierrepont Pl,Pierrepont St,Remsen St,State St,Willow Pl,Willow St,NA,NA,NA,NA,NA,NA,NA,NA,NA,NA,NA,NA,NA,NA,NA,NA,NA,NA,NA,NA,NA,NA,NA,NA,NA,NA,NA,NA,NA,NA,NA,NA,NA,NA,NA,NA,NA,NA,NA,NA,NA,NA,NA,NA
4,Atlantic Ave,Columbia Pl,Columbia St,Emmett St,Furman St,Hicks St,Joralemon St,State St,Willow Pl,NA,NA,NA,NA,NA,NA,NA,NA,NA,NA,NA,NA,NA,NA,NA,NA,NA,NA,NA,NA,NA,NA,NA,NA,NA,NA,NA,NA,NA,NA,NA,NA,NA,NA,NA,NA,NA,NA,NA,NA,NA,NA,NA,NA,NA,NA,NA,NA,NA,NA
5,Cranberry St,Doughty St,Fulton St,Henry St,Hicks St,High St,Main St,Middagh St,Nassau St,Orange St,Pineapple St,Poplar St,Prospect St,Sands St,York St,NA,NA,NA,NA,NA,NA,NA,NA,NA,NA,NA,NA,NA,NA,NA,NA,NA,NA,NA,NA,NA,NA,NA,NA,NA,NA,NA,NA,NA,NA,NA,NA,NA,NA,NA,NA,NA,NA,NA,NA,NA,NA,NA,NA
6,Clark St,Clinton St,College Pl,Concord St,Fulton St,Henry St,Hicks St,Johnson St,Love Ln,Monroe Pl,Montague St,Pierrepont St,Pineapple St,Sprague\'s Aly,Tillary St,Washington St,NA,NA,NA,NA,NA,NA,NA,NA,NA,NA,NA,NA,NA,NA,NA,NA,NA,NA,NA,NA,NA,NA,NA,NA,NA,NA,NA,NA,NA,NA,NA,NA,NA,NA,NA,NA,NA,NA,NA,NA,NA,NA,NA
7,Adams St,Atlantic Ave,Boerum Pl,Clinton St,Court St,Fulton St,Joralemon St,Livingston St,Montague St,Remsen St,Schermerhorn St,State St,Washington St,Willoughby St,NA,NA,NA,NA,NA,NA,NA,NA,NA,NA,NA,NA,NA,NA,NA,NA,NA,NA,NA,NA,NA,NA,NA,NA,NA,NA,NA,NA,NA,NA,NA,NA,NA,NA,NA,NA,NA,NA,NA,NA,NA,NA,NA,NA,NA
8,Atlantic Ave,Clinton St,Henry St,Hunt\'s Lane,Joralemon St,Livingston St,Montague St,Remsen St,Schermerhorn St,Sidney Pl,State St,NA,NA,NA,NA,NA,NA,NA,NA,NA,NA,NA,NA,NA,NA,NA,NA,NA,NA,NA,NA,NA,NA,NA,NA,NA,NA,NA,NA,NA,NA,NA,NA,NA,NA,NA,NA,NA,NA,NA,NA,NA,NA,NA,NA,NA,NA,NA,NA
9,Atlantic Ave,Garden Pl,Grace Court Aly,Grace Ct,Henry St,Hicks St,Joralemon St,Montague St,Remsen St,State St,NA,NA,NA,NA,NA,NA,NA,NA,NA,NA,NA,NA,NA,NA,NA,NA,NA,NA,NA,NA,NA,NA,NA,NA,NA,NA,NA,NA,NA,NA,NA,NA,NA,NA,NA,NA,NA,NA,NA,NA,NA,NA,NA,NA,NA,NA,NA,NA,NA
10,Columbia Hts,Dock St,Elizabeth Pl,Front St,Fulton St,Furman St,Garrison St,Harrison Ct,Henry St,Hicks St,Howard Ct,James St,Main St,Mercein St,Plymouth St,Prospect St,Sands St,St. Ann\'s Ct,Washington St,Water St,York St,NA,NA,NA,NA,NA,NA,NA,NA,NA,NA,NA,NA,NA,NA,NA,NA,NA,NA,NA,NA,NA,NA,NA,NA,NA,NA,NA,NA,NA,NA,NA,NA,NA,NA,NA,NA,NA,NA
11,Adams St,Fleet\'s Aly,Flint St,Front St,Howard Ct,Main St,Plymouth St,Prospect St,Sands St,St. Ann\'s Ct,Stewart\'s Aly,Washington St,Water St,York St,NA,NA,NA,NA,NA,NA,NA,NA,NA,NA,NA,NA,NA,NA,NA,NA,NA,NA,NA,NA,NA,NA,NA,NA,NA,NA,NA,NA,NA,NA,NA,NA,NA,NA,NA,NA,NA,NA,NA,NA,NA,NA,NA,NA,NA
12,Adams St,Franklin Pl,Front St,Jay St,John St,Marshall St,Pearl St,Plymouth St,Prospect St,Sands St,Talman St,Washington St,Water St,York St,NA,NA,NA,NA,NA,NA,NA,NA,NA,NA,NA,NA,NA,NA,NA,NA,NA,NA,NA,NA,NA,NA,NA,NA,NA,NA,NA,NA,NA,NA,NA,NA,NA,NA,NA,NA,NA,NA,NA,NA,NA,NA,NA,NA,NA
13,Bridge St,Franklin Pl,Front St,Jay St,John St,Marshall St,Phillip\'s Aly,Plymouth St,Prospect St,Prospect Terr,Sands St,Talman St,Waldron Pl,Water St,York St,NA,NA,NA,NA,NA,NA,NA,NA,NA,NA,NA,NA,NA,NA,NA,NA,NA,NA,NA,NA,NA,NA,NA,NA,NA,NA,NA,NA,NA,NA,NA,NA,NA,NA,NA,NA,NA,NA,NA,NA,NA,NA,NA,NA
14,Atlantic Ave,Boerum Pl,Bridge St,Fulton St,Gallatin Pl,Hoyt St,Jay St,Lawrence St,Livingston St,Pearl St,Red Hook Ln,Schermerhorn St,Smith St,State St,NA,NA,NA,NA,NA,NA,NA,NA,NA,NA,NA,NA,NA,NA,NA,NA,NA,NA,NA,NA,NA,NA,NA,NA,NA,NA,NA,NA,NA,NA,NA,NA,NA,NA,NA,NA,NA,NA,NA,NA,NA,NA,NA,NA,NA
15,3rd Ave,Bond St,DeKalb Ave,Duffield St,Elm Pl,Flatbush Ave,Fulton Pl,Fulton St,Gold St,Grove Pl,Hanover Pl,Hoyt St,Lafayette Ave,Livingston St,Navy St,Nevins St,Schermerhorn St,State St,NA,NA,NA,NA,NA,NA,NA,NA,NA,NA,NA,NA,NA,NA,NA,NA,NA,NA,NA,NA,NA,NA,NA,NA,NA,NA,NA,NA,NA,NA,NA,NA,NA,NA,NA,NA,NA,NA,NA,NA,NA
16,3rd Ave,4th Ave,Atlantic Ave,Flatbush Ave,Hanson Pl,Nevins St,Pacific St,Raymond St,State St,NA,NA,NA,NA,NA,NA,NA,NA,NA,NA,NA,NA,NA,NA,NA,NA,NA,NA,NA,NA,NA,NA,NA,NA,NA,NA,NA,NA,NA,NA,NA,NA,NA,NA,NA,NA,NA,NA,NA,NA,NA,NA,NA,NA,NA,NA,NA,NA,NA,NA
17,3rd Ave,4th Ave,Bergen St,Dean St,Nevins St,Pacific St,NA,NA,NA,NA,NA,NA,NA,NA,NA,NA,NA,NA,NA,NA,NA,NA,NA,NA,NA,NA,NA,NA,NA,NA,NA,NA,NA,NA,NA,NA,NA,NA,NA,NA,NA,NA,NA,NA,NA,NA,NA,NA,NA,NA,NA,NA,NA,NA,NA,NA,NA,NA,NA
18,Atlantic Ave,Bergen St,Bond St,Dean St,Hoyt St,Nevins St,Pacific St,Schermerhorn St,State St,NA,NA,NA,NA,NA,NA,NA,NA,NA,NA,NA,NA,NA,NA,NA,NA,NA,NA,NA,NA,NA,NA,NA,NA,NA,NA,NA,NA,NA,NA,NA,NA,NA,NA,NA,NA,NA,NA,NA,NA,NA,NA,NA,NA,NA,NA,NA,NA,NA,NA
19,Atlantic Ave,Bergen St,Bond St,Dean St,Hoyt St,Pacific St,Smith St,NA,NA,NA,NA,NA,NA,NA,NA,NA,NA,NA,NA,NA,NA,NA,NA,NA,NA,NA,NA,NA,NA,NA,NA,NA,NA,NA,NA,NA,NA,NA,NA,NA,NA,NA,NA,NA,NA,NA,NA,NA,NA,NA,NA,NA,NA,NA,NA,NA,NA,NA,NA
20,Amity St,Atlantic Ave,Boerum Pl,Court St,Dean St,Pacific St,Smith St,NA,NA,NA,NA,NA,NA,NA,NA,NA,NA,NA,NA,NA,NA,NA,NA,NA,NA,NA,NA,NA,NA,NA,NA,NA,NA,NA,NA,NA,NA,NA,NA,NA,NA,NA,NA,NA,NA,NA,NA,NA,NA,NA,NA,NA,NA,NA,NA,NA,NA,NA,NA
21,Adams St,Bridge St,Concord St,Gothic Aly,Hart\'s Aly,High St,Jay St,Nassau St,Pearl St,Sands St,NA,NA,NA,NA,NA,NA,NA,NA,NA,NA,NA,NA,NA,NA,NA,NA,NA,NA,NA,NA,NA,NA,NA,NA,NA,NA,NA,NA,NA,NA,NA,NA,NA,NA,NA,NA,NA,NA,NA,NA,NA,NA,NA,NA,NA,NA,NA,NA,NA
22,Adams St,Bridge St,Chapel St,Concord St,Harper Ct,Jay St,Lawrence Pl,Lawrence St,Nutria Aly,Pearl St,Stryker Ct,Tillary St,Washington St,NA,NA,NA,NA,NA,NA,NA,NA,NA,NA,NA,NA,NA,NA,NA,NA,NA,NA,NA,NA,NA,NA,NA,NA,NA,NA,NA,NA,NA,NA,NA,NA,NA,NA,NA,NA,NA,NA,NA,NA,NA,NA,NA,NA,NA,NA
23,Adams St,Bridge St,Flood\'s Aly,Jay St,Johnson St,Lawrence St,Myrtle Ave,Pearl St,Union Ln,Washington St,NA,NA,NA,NA,NA,NA,NA,NA,NA,NA,NA,NA,NA,NA,NA,NA,NA,NA,NA,NA,NA,NA,NA,NA,NA,NA,NA,NA,NA,NA,NA,NA,NA,NA,NA,NA,NA,NA,NA,NA,NA,NA,NA,NA,NA,NA,NA,NA,NA
24,Adams St,Bridge St,Flood\'s Aly,Jay St,Johnson St,Lawrence St,Pearl St,Tillary St,Washington St,NA,NA,NA,NA,NA,NA,NA,NA,NA,NA,NA,NA,NA,NA,NA,NA,NA,NA,NA,NA,NA,NA,NA,NA,NA,NA,NA,NA,NA,NA,NA,NA,NA,NA,NA,NA,NA,NA,NA,NA,NA,NA,NA,NA,NA,NA,NA,NA,NA,NA
25,Adams St,Boerum Pl,Bridge St,Flood\'s Aly,Fulton St,Gallatin Pl,Jay St,Joralemon St,Lawrence St,Myrtle Ave,Pearl St,Red Hook Ln,Smith St,Union Ln,Washington St,Willoughby St,NA,NA,NA,NA,NA,NA,NA,NA,NA,NA,NA,NA,NA,NA,NA,NA,NA,NA,NA,NA,NA,NA,NA,NA,NA,NA,NA,NA,NA,NA,NA,NA,NA,NA,NA,NA,NA,NA,NA,NA,NA,NA,NA
26,Adams St,Clark St,Clinton St,Concord St,Cranberry St,Force\'s Pl,Fulton St,Gothic Aly,High St,Johnson St,Liberty St,Middagh St,Montague St,Mumby\'s Aly,Myrtle Ave,Nassau St,Naylor\'s Aly,Pierrepont St,Pineapple St,Sands St,Snell\'s Aly,Sprague\'s Aly,Tillary St,Washington Pl,Washington St,NA,NA,NA,NA,NA,NA,NA,NA,NA,NA,NA,NA,NA,NA,NA,NA,NA,NA,NA,NA,NA,NA,NA,NA,NA,NA,NA,NA,NA,NA,NA,NA,NA,NA
27,Bridge St,Gold St,Hudson Ave,John St,Little St,Marshall St,Plymouth St,United States St,NA,NA,NA,NA,NA,NA,NA,NA,NA,NA,NA,NA,NA,NA,NA,NA,NA,NA,NA,NA,NA,NA,NA,NA,NA,NA,NA,NA,NA,NA,NA,NA,NA,NA,NA,NA,NA,NA,NA,NA,NA,NA,NA,NA,NA,NA,NA,NA,NA,NA,NA
28,Bridge St,Evans St,Front St,Gold St,Harrison Aly,Hudson Ave,Jackson Ct,Little St,Plymouth St,United States St,Water St,NA,NA,NA,NA,NA,NA,NA,NA,NA,NA,NA,NA,NA,NA,NA,NA,NA,NA,NA,NA,NA,NA,NA,NA,NA,NA,NA,NA,NA,NA,NA,NA,NA,NA,NA,NA,NA,NA,NA,NA,NA,NA,NA,NA,NA,NA,NA,NA
29,Bridge St,Charles St,Cornell\'s Aly,Duffield St,Front St,Gold St,Hart\'s Aly,High St,Nassau St,Prospect St,Sands St,Talman St,York St,NA,NA,NA,NA,NA,NA,NA,NA,NA,NA,NA,NA,NA,NA,NA,NA,NA,NA,NA,NA,NA,NA,NA,NA,NA,NA,NA,NA,NA,NA,NA,NA,NA,NA,NA,NA,NA,NA,NA,NA,NA,NA,NA,NA,NA,NA
30,Bridge Rd,Cornell\'s Aly,Dixon\'s Aly,Front St,Gold St,Green Ln,Hudson Ave,Jackson Ct,Navy St,Prospect St,Sands St,York St,NA,NA,NA,NA,NA,NA,NA,NA,NA,NA,NA,NA,NA,NA,NA,NA,NA,NA,NA,NA,NA,NA,NA,NA,NA,NA,NA,NA,NA,NA,NA,NA,NA,NA,NA,NA,NA,NA,NA,NA,NA,NA,NA,NA,NA,NA,NA
31,Bridge Rd,Concord Pl,Concord St,Dixon\'s Aly,Flushing Ave,Gold St,Green Ln,High St,Hudson Ave,Nassau Pl,Nassau St,Navy St,Navy Yard,Prince St,Sands St,Smith\'s Aly,Way-home St,NA,NA,NA,NA,NA,NA,NA,NA,NA,NA,NA,NA,NA,NA,NA,NA,NA,NA,NA,NA,NA,NA,NA,NA,NA,NA,NA,NA,NA,NA,NA,NA,NA,NA,NA,NA,NA,NA,NA,NA,NA,NA
32,Bridge St,Chapel St,Concord St,Duffield St,Gold St,Johnson St,Matilda Pl,Nassau St,Tillary St,Way-home St,NA,NA,NA,NA,NA,NA,NA,NA,NA,NA,NA,NA,NA,NA,NA,NA,NA,NA,NA,NA,NA,NA,NA,NA,NA,NA,NA,NA,NA,NA,NA,NA,NA,NA,NA,NA,NA,NA,NA,NA,NA,NA,NA,NA,NA,NA,NA,NA,NA
33,Fleet Pl,Gold St,Hudson Ave,Johnson St,Navy St,Prince St,Tillary St,NA,NA,NA,NA,NA,NA,NA,NA,NA,NA,NA,NA,NA,NA,NA,NA,NA,NA,NA,NA,NA,NA,NA,NA,NA,NA,NA,NA,NA,NA,NA,NA,NA,NA,NA,NA,NA,NA,NA,NA,NA,NA,NA,NA,NA,NA,NA,NA,NA,NA,NA,NA
34,Concord Pl,Concord St,Fleet Pl,Gold St,Hudson Ave,Nassau Pl,Navy St,Park Ave,Prince St,Prince Street Ct,Tillary St,NA,NA,NA,NA,NA,NA,NA,NA,NA,NA,NA,NA,NA,NA,NA,NA,NA,NA,NA,NA,NA,NA,NA,NA,NA,NA,NA,NA,NA,NA,NA,NA,NA,NA,NA,NA,NA,NA,NA,NA,NA,NA,NA,NA,NA,NA,NA,NA
35,Amity St,Atlantic Ave,Clinton St,Columbia Pl,Columbia St,Court St,Emmett St,Furman St,Henry St,Hicks St,Pacific St,Smoky Hollow,NA,NA,NA,NA,NA,NA,NA,NA,NA,NA,NA,NA,NA,NA,NA,NA,NA,NA,NA,NA,NA,NA,NA,NA,NA,NA,NA,NA,NA,NA,NA,NA,NA,NA,NA,NA,NA,NA,NA,NA,NA,NA,NA,NA,NA,NA,NA
36,Amity St,Clinton St,Columbia St,Congress St,Court St,Dean St,Emmett St,Henry St,Hicks St,Pacific St,NA,NA,NA,NA,NA,NA,NA,NA,NA,NA,NA,NA,NA,NA,NA,NA,NA,NA,NA,NA,NA,NA,NA,NA,NA,NA,NA,NA,NA,NA,NA,NA,NA,NA,NA,NA,NA,NA,NA,NA,NA,NA,NA,NA,NA,NA,NA,NA,NA
37,Baltic St,Canal,Clinton St,Columbia St,Congress St,Court St,Henry St,Hicks St,Verandah Pl,Warren St,NA,NA,NA,NA,NA,NA,NA,NA,NA,NA,NA,NA,NA,NA,NA,NA,NA,NA,NA,NA,NA,NA,NA,NA,NA,NA,NA,NA,NA,NA,NA,NA,NA,NA,NA,NA,NA,NA,NA,NA,NA,NA,NA,NA,NA,NA,NA,NA,NA
38,Baltic St,Butler St,Cheever Pl,Clinton St,Court St,Degraw St,Douglass St,Harrison St,Henry St,Hicks St,Strong Pl,Tompkins Pl,NA,NA,NA,NA,NA,NA,NA,NA,NA,NA,NA,NA,NA,NA,NA,NA,NA,NA,NA,NA,NA,NA,NA,NA,NA,NA,NA,NA,NA,NA,NA,NA,NA,NA,NA,NA,NA,NA,NA,NA,NA,NA,NA,NA,NA,NA,NA
39,Baltic St,Columbia St,Degraw St,Harrison St,Henry St,Hicks St,Irving St,Sedgwick St,Tiffany Pl,Van Brunt St,NA,NA,NA,NA,NA,NA,NA,NA,NA,NA,NA,NA,NA,NA,NA,NA,NA,NA,NA,NA,NA,NA,NA,NA,NA,NA,NA,NA,NA,NA,NA,NA,NA,NA,NA,NA,NA,NA,NA,NA,NA,NA,NA,NA,NA,NA,NA,NA,NA
40,Beach Pl,Cheever Pl,Clinton St,Columbia St,Court St,Degraw St,East River,Ferry Pl,Henry St,Hicks St,Sackett St,Sedgwick St,Strong Pl,Tiffany Pl,Tompkins Pl,Van Brunt St,NA,NA,NA,NA,NA,NA,NA,NA,NA,NA,NA,NA,NA,NA,NA,NA,NA,NA,NA,NA,NA,NA,NA,NA,NA,NA,NA,NA,NA,NA,NA,NA,NA,NA,NA,NA,NA,NA,NA,NA,NA,NA,NA
41,Beach Pl,Clinton St,Columbia St,Conover St,Court St,Ferry Pl,Hamilton Ave,Henry St,Hicks St,President St,Sackett St,Union Ct,Union St,Van Brunt St,NA,NA,NA,NA,NA,NA,NA,NA,NA,NA,NA,NA,NA,NA,NA,NA,NA,NA,NA,NA,NA,NA,NA,NA,NA,NA,NA,NA,NA,NA,NA,NA,NA,NA,NA,NA,NA,NA,NA,NA,NA,NA,NA,NA,NA
42,Carroll St,Columbia St,Conover St,Hamilton Ave,Hicks St,Imlay St,President St,Union St,Van Brunt St,NA,NA,NA,NA,NA,NA,NA,NA,NA,NA,NA,NA,NA,NA,NA,NA,NA,NA,NA,NA,NA,NA,NA,NA,NA,NA,NA,NA,NA,NA,NA,NA,NA,NA,NA,NA,NA,NA,NA,NA,NA,NA,NA,NA,NA,NA,NA,NA,NA,NA
43,1st Pl,Carroll St,Columbia St,Hamilton Ave,Henry St,Hicks St,President St,Summit St,Van Brunt St,Woodhull St,NA,NA,NA,NA,NA,NA,NA,NA,NA,NA,NA,NA,NA,NA,NA,NA,NA,NA,NA,NA,NA,NA,NA,NA,NA,NA,NA,NA,NA,NA,NA,NA,NA,NA,NA,NA,NA,NA,NA,NA,NA,NA,NA,NA,NA,NA,NA,NA,NA
44,1st Pl,2nd Pl,3rd Pl,Carroll St,Clinton St,Court St,Henry St,President St,Rapelye St,Summit St,Woodhull St,NA,NA,NA,NA,NA,NA,NA,NA,NA,NA,NA,NA,NA,NA,NA,NA,NA,NA,NA,NA,NA,NA,NA,NA,NA,NA,NA,NA,NA,NA,NA,NA,NA,NA,NA,NA,NA,NA,NA,NA,NA,NA,NA,NA,NA,NA,NA,NA
45,2nd Pl,3rd Pl,4th Pl,Clinton St,Coles St,Columbia St,Court St,Hamilton Ave,Henry St,Hicks St,Manhasset Pl,Rapelye St,Summit St,Woodhull St,NA,NA,NA,NA,NA,NA,NA,NA,NA,NA,NA,NA,NA,NA,NA,NA,NA,NA,NA,NA,NA,NA,NA,NA,NA,NA,NA,NA,NA,NA,NA,NA,NA,NA,NA,NA,NA,NA,NA,NA,NA,NA,NA,NA,NA
46,Bedford Ave,Flushing Ave,Franklin Ave,Graham St,Kent Ave,Little Nassau St,Myrtle Ave,Park Ave,Skillman St,NA,NA,NA,NA,NA,NA,NA,NA,NA,NA,NA,NA,NA,NA,NA,NA,NA,NA,NA,NA,NA,NA,NA,NA,NA,NA,NA,NA,NA,NA,NA,NA,NA,NA,NA,NA,NA,NA,NA,NA,NA,NA,NA,NA,NA,NA,NA,NA,NA,NA
47,Clason Ave,Flushing Ave,Graham St,Grand Ave,Myrtle Ave,Park Ave,Ryerson St,Schenck St,Steuben St,Williamsburgh Rd,NA,NA,NA,NA,NA,NA,NA,NA,NA,NA,NA,NA,NA,NA,NA,NA,NA,NA,NA,NA,NA,NA,NA,NA,NA,NA,NA,NA,NA,NA,NA,NA,NA,NA,NA,NA,NA,NA,NA,NA,NA,NA,NA,NA,NA,NA,NA,NA,NA
48,Flushing Ave,Hall St,Myrtle Ave,Park Ave,Ryerson St,Washington Ave,NA,NA,NA,NA,NA,NA,NA,NA,NA,NA,NA,NA,NA,NA,NA,NA,NA,NA,NA,NA,NA,NA,NA,NA,NA,NA,NA,NA,NA,NA,NA,NA,NA,NA,NA,NA,NA,NA,NA,NA,NA,NA,NA,NA,NA,NA,NA,NA,NA,NA,NA,NA,NA
49,DeKalb Ave,Hall St,Lafayette Ave,Myrtle Ave,Ryerson St,St. James\' Pl,Washington Ave,Willoughby Ave,NA,NA,NA,NA,NA,NA,NA,NA,NA,NA,NA,NA,NA,NA,NA,NA,NA,NA,NA,NA,NA,NA,NA,NA,NA,NA,NA,NA,NA,NA,NA,NA,NA,NA,NA,NA,NA,NA,NA,NA,NA,NA,NA,NA,NA,NA,NA,NA,NA,NA,NA
50,Clason Ave,DeKalb Ave,Graham St,Grand Ave,Kent Ave,Myrtle Ave,Ryerson St,Schenck St,Steuben St,Willoughby Ave,NA,NA,NA,NA,NA,NA,NA,NA,NA,NA,NA,NA,NA,NA,NA,NA,NA,NA,NA,NA,NA,NA,NA,NA,NA,NA,NA,NA,NA,NA,NA,NA,NA,NA,NA,NA,NA,NA,NA,NA,NA,NA,NA,NA,NA,NA,NA,NA,NA
51,Bedford Ave,DeKalb Ave,Franklin Ave,Kent Ave,Myrtle Ave,Park Ave,Skillman St,Willoughby Ave,NA,NA,NA,NA,NA,NA,NA,NA,NA,NA,NA,NA,NA,NA,NA,NA,NA,NA,NA,NA,NA,NA,NA,NA,NA,NA,NA,NA,NA,NA,NA,NA,NA,NA,NA,NA,NA,NA,NA,NA,NA,NA,NA,NA,NA,NA,NA,NA,NA,NA,NA
52,Bedford Ave,Clason Ave,DeKalb Ave,Franklin Ave,Graham St,Kent Ave,Kosciusko Pl,Kosciusko St,Lafayette Ave,Skillman St,Willoughby Ave,NA,NA,NA,NA,NA,NA,NA,NA,NA,NA,NA,NA,NA,NA,NA,NA,NA,NA,NA,NA,NA,NA,NA,NA,NA,NA,NA,NA,NA,NA,NA,NA,NA,NA,NA,NA,NA,NA,NA,NA,NA,NA,NA,NA,NA,NA,NA,NA
53,Clason Ave,DeKalb Ave,Grand Ave,Lafayette Ave,Ryerson St,Schenck St,Steuben St,NA,NA,NA,NA,NA,NA,NA,NA,NA,NA,NA,NA,NA,NA,NA,NA,NA,NA,NA,NA,NA,NA,NA,NA,NA,NA,NA,NA,NA,NA,NA,NA,NA,NA,NA,NA,NA,NA,NA,NA,NA,NA,NA,NA,NA,NA,NA,NA,NA,NA,NA,NA
54,Bedford Ave,Clason Ave,Clifton Pl,Franklin Ave,Grand Ave,Greene Ave,Lafayette Ave,Lexington Ave,Skillman St,NA,NA,NA,NA,NA,NA,NA,NA,NA,NA,NA,NA,NA,NA,NA,NA,NA,NA,NA,NA,NA,NA,NA,NA,NA,NA,NA,NA,NA,NA,NA,NA,NA,NA,NA,NA,NA,NA,NA,NA,NA,NA,NA,NA,NA,NA,NA,NA,NA,NA
55,Bedford Ave,Clason Ave,Downing St,Franklin Ave,Gates Ave,Grand Ave,Irving Pl,Lexington Ave,Quincy St,NA,NA,NA,NA,NA,NA,NA,NA,NA,NA,NA,NA,NA,NA,NA,NA,NA,NA,NA,NA,NA,NA,NA,NA,NA,NA,NA,NA,NA,NA,NA,NA,NA,NA,NA,NA,NA,NA,NA,NA,NA,NA,NA,NA,NA,NA,NA,NA,NA,NA
56,Bedford Ave,Clason Ave,Downing St,Franklin Ave,Gates Ave,Grand Ave,Irving Pl,Madison St,Monroe St,Ormond Pl,Putnam Ave,NA,NA,NA,NA,NA,NA,NA,NA,NA,NA,NA,NA,NA,NA,NA,NA,NA,NA,NA,NA,NA,NA,NA,NA,NA,NA,NA,NA,NA,NA,NA,NA,NA,NA,NA,NA,NA,NA,NA,NA,NA,NA,NA,NA,NA,NA,NA,NA
57,Atlantic Ave,Bedford Ave,Brevoort Pl,Clason Ave,Downing St,Franklin Ave,Fulton St,Grand Ave,Hancock St,Herkimer St,Irving Pl,Jefferson St,Lefferts Pl,Ormond Pl,Putnam Ave,Spencer Pl,NA,NA,NA,NA,NA,NA,NA,NA,NA,NA,NA,NA,NA,NA,NA,NA,NA,NA,NA,NA,NA,NA,NA,NA,NA,NA,NA,NA,NA,NA,NA,NA,NA,NA,NA,NA,NA,NA,NA,NA,NA,NA,NA
58,Cambridge Pl,Clifton Pl,Gates Ave,Grand Ave,Greene Ave,Lafayette Ave,Lexington Ave,Ryerson St,St. James\' Pl,Washington Ave,NA,NA,NA,NA,NA,NA,NA,NA,NA,NA,NA,NA,NA,NA,NA,NA,NA,NA,NA,NA,NA,NA,NA,NA,NA,NA,NA,NA,NA,NA,NA,NA,NA,NA,NA,NA,NA,NA,NA,NA,NA,NA,NA,NA,NA,NA,NA,NA,NA
59,Atlantic Ave,Cambridge Pl,Fulton St,Gates Ave,Grand Ave,Lefferts Pl,Putnam Ave,St. James\' Pl,Underhill Ave,Washington Ave,NA,NA,NA,NA,NA,NA,NA,NA,NA,NA,NA,NA,NA,NA,NA,NA,NA,NA,NA,NA,NA,NA,NA,NA,NA,NA,NA,NA,NA,NA,NA,NA,NA,NA,NA,NA,NA,NA,NA,NA,NA,NA,NA,NA,NA,NA,NA,NA,NA
60,17th St,18th St,3rd Ave,4th Ave,5th Ave,Hamilton Ave,Prospect Ave,NA,NA,NA,NA,NA,NA,NA,NA,NA,NA,NA,NA,NA,NA,NA,NA,NA,NA,NA,NA,NA,NA,NA,NA,NA,NA,NA,NA,NA,NA,NA,NA,NA,NA,NA,NA,NA,NA,NA,NA,NA,NA,NA,NA,NA,NA,NA,NA,NA,NA,NA,NA
61,18th St,19th St,20th St,3rd Ave,4th Ave,5th Ave,NA,NA,NA,NA,NA,NA,NA,NA,NA,NA,NA,NA,NA,NA,NA,NA,NA,NA,NA,NA,NA,NA,NA,NA,NA,NA,NA,NA,NA,NA,NA,NA,NA,NA,NA,NA,NA,NA,NA,NA,NA,NA,NA,NA,NA,NA,NA,NA,NA,NA,NA,NA,NA
62,17th St,18th St,19th St,20th St,21st St,22nd St,23rd St,24th St,5th Ave,6th Ave,Prospect Ave,NA,NA,NA,NA,NA,NA,NA,NA,NA,NA,NA,NA,NA,NA,NA,NA,NA,NA,NA,NA,NA,NA,NA,NA,NA,NA,NA,NA,NA,NA,NA,NA,NA,NA,NA,NA,NA,NA,NA,NA,NA,NA,NA,NA,NA,NA,NA,NA
63,10th Ln,11th Ave,17th St,18th St,19th St,20th St,21st St,22nd St,23rd St,6th Ave,7th Ave,8th Ave,9th Ave,City Line,Jackson Pl,Prospect Ave,Webster Pl,NA,NA,NA,NA,NA,NA,NA,NA,NA,NA,NA,NA,NA,NA,NA,NA,NA,NA,NA,NA,NA,NA,NA,NA,NA,NA,NA,NA,NA,NA,NA,NA,NA,NA,NA,NA,NA,NA,NA,NA,NA,NA
64,20th St,21st St,22nd St,23rd St,4th Ave,5th Ave,NA,NA,NA,NA,NA,NA,NA,NA,NA,NA,NA,NA,NA,NA,NA,NA,NA,NA,NA,NA,NA,NA,NA,NA,NA,NA,NA,NA,NA,NA,NA,NA,NA,NA,NA,NA,NA,NA,NA,NA,NA,NA,NA,NA,NA,NA,NA,NA,NA,NA,NA,NA,NA
65,20th St,21st St,22nd St,23rd St,3rd Ave,4th Ave,NA,NA,NA,NA,NA,NA,NA,NA,NA,NA,NA,NA,NA,NA,NA,NA,NA,NA,NA,NA,NA,NA,NA,NA,NA,NA,NA,NA,NA,NA,NA,NA,NA,NA,NA,NA,NA,NA,NA,NA,NA,NA,NA,NA,NA,NA,NA,NA,NA,NA,NA,NA,NA
66,23rd St,24th St,25th St,26th St,27th St,28th St,29th St,30th St,31st St,32nd St,33rd St,34th St,35th St,3rd Ave,4th Ave,5th Ave,NA,NA,NA,NA,NA,NA,NA,NA,NA,NA,NA,NA,NA,NA,NA,NA,NA,NA,NA,NA,NA,NA,NA,NA,NA,NA,NA,NA,NA,NA,NA,NA,NA,NA,NA,NA,NA,NA,NA,NA,NA,NA,NA
67,1st Ave,2nd Ave,35th St,36th St,37th St,38th St,39th St,3rd Ave,40th St,41st St,42nd St,43rd St,4th Ave,5th Ave,6th Ave,7th Ave,8th Ave,NA,NA,NA,NA,NA,NA,NA,NA,NA,NA,NA,NA,NA,NA,NA,NA,NA,NA,NA,NA,NA,NA,NA,NA,NA,NA,NA,NA,NA,NA,NA,NA,NA,NA,NA,NA,NA,NA,NA,NA,NA,NA
68,1st Ave,2nd Ave,3rd Ave,43rd St,44th St,45th St,46th St,47th St,48th St,49th St,4th Ave,50th St,51st St,52nd St,53rd St,54th St,55th St,56th St,57th St,58th St,59th St,5th Ave,60th St,6th Ave,7th Ave,8th Ave,NA,NA,NA,NA,NA,NA,NA,NA,NA,NA,NA,NA,NA,NA,NA,NA,NA,NA,NA,NA,NA,NA,NA,NA,NA,NA,NA,NA,NA,NA,NA,NA,NA
69,5th Ave,6th Ave,Adelphi St,Atlantic Ave,Carlton Ave,Cumberland St,Dean St,Flatbush Ave,Fort Greene Pl,Oxford St S,Pacific St,Portland Ave S,Vanderbilt Ave,NA,NA,NA,NA,NA,NA,NA,NA,NA,NA,NA,NA,NA,NA,NA,NA,NA,NA,NA,NA,NA,NA,NA,NA,NA,NA,NA,NA,NA,NA,NA,NA,NA,NA,NA,NA,NA,NA,NA,NA,NA,NA,NA,NA,NA,NA
70,6th Ave,Bergen St,Carlton Ave,Dean St,Flatbush Ave,Park Pl,Prospect Pl,St. Mark\'s Ave,NA,NA,NA,NA,NA,NA,NA,NA,NA,NA,NA,NA,NA,NA,NA,NA,NA,NA,NA,NA,NA,NA,NA,NA,NA,NA,NA,NA,NA,NA,NA,NA,NA,NA,NA,NA,NA,NA,NA,NA,NA,NA,NA,NA,NA,NA,NA,NA,NA,NA,NA
71,8th Ave,9th Ave,Bergen St,Butler St,Carlton Ave,Dean St,Degraw St,Douglass St,Flatbush Ave,Grand Army Plz,Grand Ave,Lincoln Pl,Parade Pl,Park Pl,Park Way,Plaza St E,Plaza St W,Prospect Park,Prospect Pl,Sackett St,St. John\'s Pl,St. Mark\'s Ave,Sterling Pl,Underhill Ave,Union St,Vanderbilt Ave,Washington Ave,NA,NA,NA,NA,NA,NA,NA,NA,NA,NA,NA,NA,NA,NA,NA,NA,NA,NA,NA,NA,NA,NA,NA,NA,NA,NA,NA,NA,NA,NA,NA,NA
72,Atlantic Ave,Bergen St,Dean St,Grand Ave,Pacific St,Underhill Ave,Vanderbilt Ave,Washington Ave,Waverly Ave,NA,NA,NA,NA,NA,NA,NA,NA,NA,NA,NA,NA,NA,NA,NA,NA,NA,NA,NA,NA,NA,NA,NA,NA,NA,NA,NA,NA,NA,NA,NA,NA,NA,NA,NA,NA,NA,NA,NA,NA,NA,NA,NA,NA,NA,NA,NA,NA,NA,NA
73,Atlantic Ave,Bergen St,Clason Ave,Dean St,Grand Ave,Pacific St,Prospect Pl,St. Mark\'s Ave,NA,NA,NA,NA,NA,NA,NA,NA,NA,NA,NA,NA,NA,NA,NA,NA,NA,NA,NA,NA,NA,NA,NA,NA,NA,NA,NA,NA,NA,NA,NA,NA,NA,NA,NA,NA,NA,NA,NA,NA,NA,NA,NA,NA,NA,NA,NA,NA,NA,NA,NA
74,Bergen St,Dean St,Grand Ave,Pacific St,Park Pl,Prospect Pl,St. Mark\'s Ave,Washington Ave,NA,NA,NA,NA,NA,NA,NA,NA,NA,NA,NA,NA,NA,NA,NA,NA,NA,NA,NA,NA,NA,NA,NA,NA,NA,NA,NA,NA,NA,NA,NA,NA,NA,NA,NA,NA,NA,NA,NA,NA,NA,NA,NA,NA,NA,NA,NA,NA,NA,NA,NA
75,Atlantic Ave,Bergen St,Butler St,Carroll St,City Line,Clason Ave,Crown St,Dean St,Degraw St,Douglass St,Franklin Ave,Grand Ave,Montgomery St,Pacific St,Park Pl,Park Way,President St,Prospect Pl,St. Mark\'s Ave,Union St,Washington Ave,NA,NA,NA,NA,NA,NA,NA,NA,NA,NA,NA,NA,NA,NA,NA,NA,NA,NA,NA,NA,NA,NA,NA,NA,NA,NA,NA,NA,NA,NA,NA,NA,NA,NA,NA,NA,NA,NA
76,Bergen St,Boerum Pl,Congress St,Court St,Hoyt St,Smith St,Warren St,Wyckoff St,NA,NA,NA,NA,NA,NA,NA,NA,NA,NA,NA,NA,NA,NA,NA,NA,NA,NA,NA,NA,NA,NA,NA,NA,NA,NA,NA,NA,NA,NA,NA,NA,NA,NA,NA,NA,NA,NA,NA,NA,NA,NA,NA,NA,NA,NA,NA,NA,NA,NA,NA
77,Baltic St,Bergen St,Bond St,Hoyt St,Nevins St,Warren St,Wyckoff St,NA,NA,NA,NA,NA,NA,NA,NA,NA,NA,NA,NA,NA,NA,NA,NA,NA,NA,NA,NA,NA,NA,NA,NA,NA,NA,NA,NA,NA,NA,NA,NA,NA,NA,NA,NA,NA,NA,NA,NA,NA,NA,NA,NA,NA,NA,NA,NA,NA,NA,NA,NA
78,3rd Ave,4th Ave,Baltic St,Bergen St,Nevins St,Warren St,Wyckoff St,NA,NA,NA,NA,NA,NA,NA,NA,NA,NA,NA,NA,NA,NA,NA,NA,NA,NA,NA,NA,NA,NA,NA,NA,NA,NA,NA,NA,NA,NA,NA,NA,NA,NA,NA,NA,NA,NA,NA,NA,NA,NA,NA,NA,NA,NA,NA,NA,NA,NA,NA,NA
79,1st Ln,3rd Ave,4th Ave,Baltic St,Butler St,Carroll St,Degraw St,Denton Pl,Douglass St,Macomb St,Nevins St,President St,Sackett St,Union St,Whitwell Pl,NA,NA,NA,NA,NA,NA,NA,NA,NA,NA,NA,NA,NA,NA,NA,NA,NA,NA,NA,NA,NA,NA,NA,NA,NA,NA,NA,NA,NA,NA,NA,NA,NA,NA,NA,NA,NA,NA,NA,NA,NA,NA,NA,NA
80,Baltic St,Bond St,Butler St,Court St,Harrison St,Hoyt St,Smith St,Warren St,NA,NA,NA,NA,NA,NA,NA,NA,NA,NA,NA,NA,NA,NA,NA,NA,NA,NA,NA,NA,NA,NA,NA,NA,NA,NA,NA,NA,NA,NA,NA,NA,NA,NA,NA,NA,NA,NA,NA,NA,NA,NA,NA,NA,NA,NA,NA,NA,NA,NA,NA
81,Butler St,Court St,Degraw St,Douglass St,Hoyt St,Sackett St,Smith St,NA,NA,NA,NA,NA,NA,NA,NA,NA,NA,NA,NA,NA,NA,NA,NA,NA,NA,NA,NA,NA,NA,NA,NA,NA,NA,NA,NA,NA,NA,NA,NA,NA,NA,NA,NA,NA,NA,NA,NA,NA,NA,NA,NA,NA,NA,NA,NA,NA,NA,NA,NA
82,Court St,Degraw St,Hoyt St,President St,Sackett St,Smith St,Union St,NA,NA,NA,NA,NA,NA,NA,NA,NA,NA,NA,NA,NA,NA,NA,NA,NA,NA,NA,NA,NA,NA,NA,NA,NA,NA,NA,NA,NA,NA,NA,NA,NA,NA,NA,NA,NA,NA,NA,NA,NA,NA,NA,NA,NA,NA,NA,NA,NA,NA,NA,NA
83,1st Pl,2nd Ln,Carroll St,Court St,Hoyt St,President St,Smith St,NA,NA,NA,NA,NA,NA,NA,NA,NA,NA,NA,NA,NA,NA,NA,NA,NA,NA,NA,NA,NA,NA,NA,NA,NA,NA,NA,NA,NA,NA,NA,NA,NA,NA,NA,NA,NA,NA,NA,NA,NA,NA,NA,NA,NA,NA,NA,NA,NA,NA,NA,NA
84,1st Pl,2nd Ln,2nd Pl,3rd Ln,3rd Pl,4th Ln,4th Pl,5th Ln,Bond St,Court St,Hoyt St,Smith St,NA,NA,NA,NA,NA,NA,NA,NA,NA,NA,NA,NA,NA,NA,NA,NA,NA,NA,NA,NA,NA,NA,NA,NA,NA,NA,NA,NA,NA,NA,NA,NA,NA,NA,NA,NA,NA,NA,NA,NA,NA,NA,NA,NA,NA,NA,NA
85,Baltic St,Bond St,Butler St,Degraw St,Douglass St,Hoyt St,Sackett St,Union St,NA,NA,NA,NA,NA,NA,NA,NA,NA,NA,NA,NA,NA,NA,NA,NA,NA,NA,NA,NA,NA,NA,NA,NA,NA,NA,NA,NA,NA,NA,NA,NA,NA,NA,NA,NA,NA,NA,NA,NA,NA,NA,NA,NA,NA,NA,NA,NA,NA,NA,NA
86,1st Ln,2nd Ln,3rd Ave,Baltic St,Bond St,Butler St,Carroll St,Degraw St,Douglass St,Hoyt St,Nevins St,President St,Sackett St,Union St,NA,NA,NA,NA,NA,NA,NA,NA,NA,NA,NA,NA,NA,NA,NA,NA,NA,NA,NA,NA,NA,NA,NA,NA,NA,NA,NA,NA,NA,NA,NA,NA,NA,NA,NA,NA,NA,NA,NA,NA,NA,NA,NA,NA,NA
87,Bedford St,Bridge St,Duffield St,Fleet Pl,Gold St,Hudson Ave,Johnson St,Myrtle Ave,Navy St,Prince St,Raymond St,NA,NA,NA,NA,NA,NA,NA,NA,NA,NA,NA,NA,NA,NA,NA,NA,NA,NA,NA,NA,NA,NA,NA,NA,NA,NA,NA,NA,NA,NA,NA,NA,NA,NA,NA,NA,NA,NA,NA,NA,NA,NA,NA,NA,NA,NA,NA,NA
88,Auburn Pl,Bedford St,Bolivar St,Canton St,Division St,Fleet St,Flushing Ave,Hudson Ave,Johnson St,Myrtle Ave,Navy St,Navy Yard,Park Ave,Raymond St,Sycamore St,Tillary St,NA,NA,NA,NA,NA,NA,NA,NA,NA,NA,NA,NA,NA,NA,NA,NA,NA,NA,NA,NA,NA,NA,NA,NA,NA,NA,NA,NA,NA,NA,NA,NA,NA,NA,NA,NA,NA,NA,NA,NA,NA,NA,NA
89,Bolivar St,Bridge St,Duffield St,Duffield Terr,Fair St,Fleet Pl,Fleet St,Gold St,Hudson Ave,Myrtle Ave,Prince St,Willoughby St,NA,NA,NA,NA,NA,NA,NA,NA,NA,NA,NA,NA,NA,NA,NA,NA,NA,NA,NA,NA,NA,NA,NA,NA,NA,NA,NA,NA,NA,NA,NA,NA,NA,NA,NA,NA,NA,NA,NA,NA,NA,NA,NA,NA,NA,NA,NA
90,Bridge St,Debevoise Pl,DeKalb Ave,Duffield St,Elm Pl,Fleet Pl,Fleet St,Fulton Pl,Fulton St,Gold St,Hoyt St,Hudson Ave,Lafayette St,Prince St,Willoughby St,NA,NA,NA,NA,NA,NA,NA,NA,NA,NA,NA,NA,NA,NA,NA,NA,NA,NA,NA,NA,NA,NA,NA,NA,NA,NA,NA,NA,NA,NA,NA,NA,NA,NA,NA,NA,NA,NA,NA,NA,NA,NA,NA,NA
91,Bolivar St,Bond St,Canton St,Debevoise Pl,DeKalb Ave,Flatbush Ave,Fort Greene Pl,Fulton Pl,Fulton St,Gold St,Hanover Pl,Hudson Ave,Lafayette St,Navy St,Raymond St,St. Felix St,Willoughby St,NA,NA,NA,NA,NA,NA,NA,NA,NA,NA,NA,NA,NA,NA,NA,NA,NA,NA,NA,NA,NA,NA,NA,NA,NA,NA,NA,NA,NA,NA,NA,NA,NA,NA,NA,NA,NA,NA,NA,NA,NA,NA
92,DeKalb Ave,Fort Greene Pl,Fulton St,Navy St,Raymond St,St. Felix St,NA,NA,NA,NA,NA,NA,NA,NA,NA,NA,NA,NA,NA,NA,NA,NA,NA,NA,NA,NA,NA,NA,NA,NA,NA,NA,NA,NA,NA,NA,NA,NA,NA,NA,NA,NA,NA,NA,NA,NA,NA,NA,NA,NA,NA,NA,NA,NA,NA,NA,NA,NA,NA
93,3rd Ave,Curran Sq,Flatbush Ave,Fort Greene Pl,Fulton St,Hanson Pl,Hudson Ave,Lafayette Ave,Livingston St,Navy St,Nevins St,Raymond St,Schermerhorn St,St. Felix St,State St,NA,NA,NA,NA,NA,NA,NA,NA,NA,NA,NA,NA,NA,NA,NA,NA,NA,NA,NA,NA,NA,NA,NA,NA,NA,NA,NA,NA,NA,NA,NA,NA,NA,NA,NA,NA,NA,NA,NA,NA,NA,NA,NA,NA
94,5th Ave,Atlantic Ave,Curran Sq,DeKalb Ave,Elliott Pl S,Flatbush Ave,Fort Greene Pl,Fulton St,Hanson Pl,Lafayette Ave,Portland Ave S,St. Felix St,Willoughby St,NA,NA,NA,NA,NA,NA,NA,NA,NA,NA,NA,NA,NA,NA,NA,NA,NA,NA,NA,NA,NA,NA,NA,NA,NA,NA,NA,NA,NA,NA,NA,NA,NA,NA,NA,NA,NA,NA,NA,NA,NA,NA,NA,NA,NA,NA
95,Auburn Pl,Canton St,Division St,Elliott Pl N,Flushing Ave,Myrtle Ave,Navy Yard,Park Ave,Portland Ave N,Tillary St,NA,NA,NA,NA,NA,NA,NA,NA,NA,NA,NA,NA,NA,NA,NA,NA,NA,NA,NA,NA,NA,NA,NA,NA,NA,NA,NA,NA,NA,NA,NA,NA,NA,NA,NA,NA,NA,NA,NA,NA,NA,NA,NA,NA,NA,NA,NA,NA,NA
96,Bay St,Bompjes Hook Wharf,Bryant St,Bush St,Clinton St,Columbia St,Conover St,Court St,Cuba St,Dikeman St,Dwight St,Elizabeth St,Ferris St,Grinnell St,Halleck St,Hicks St,Lorraine St,Oregon St,Otsego St,Partition St,Percival St,Reid St,Richards St,Sigourney St,Sullivan St,Van Brunt St,Vandyke St,Wharf St,Wolcott St,NA,NA,NA,NA,NA,NA,NA,NA,NA,NA,NA,NA,NA,NA,NA,NA,NA,NA,NA,NA,NA,NA,NA,NA,NA,NA,NA,NA,NA,NA
97,Conover St,Dikeman St,Elizabeth St,Ferris St,Partition St,Richards St,Van Brunt St,Vandyke St,Wolcott St,NA,NA,NA,NA,NA,NA,NA,NA,NA,NA,NA,NA,NA,NA,NA,NA,NA,NA,NA,NA,NA,NA,NA,NA,NA,NA,NA,NA,NA,NA,NA,NA,NA,NA,NA,NA,NA,NA,NA,NA,NA,NA,NA,NA,NA,NA,NA,NA,NA,NA
98,Conover St,Ferris St,Imlay St,King St,Richards St,Sullivan St,Tremont St,Van Brunt St,Verona St,William St,Wolcott St,NA,NA,NA,NA,NA,NA,NA,NA,NA,NA,NA,NA,NA,NA,NA,NA,NA,NA,NA,NA,NA,NA,NA,NA,NA,NA,NA,NA,NA,NA,NA,NA,NA,NA,NA,NA,NA,NA,NA,NA,NA,NA,NA,NA,NA,NA,NA,NA
99,Bowne St,Carroll St,Coles St,Columbia St,Commerce St,Conover St,Delevan St,Dwight St,Ferris St,Hamilton Ave,Hicks St,Imlay St,India Wharf,President St,Rapelye St,Richards St,Sackett St,Seabring St,Summit St,Tremont St,Van Brunt St,Verona St,William St,Woodhull St,NA,NA,NA,NA,NA,NA,NA,NA,NA,NA,NA,NA,NA,NA,NA,NA,NA,NA,NA,NA,NA,NA,NA,NA,NA,NA,NA,NA,NA,NA,NA,NA,NA,NA,NA
100,Bush St,Centre St,Church St,Coles St,Columbia St,Commerce St,Delevan St,Dwight St,Garnet St,Hamilton Ave,Henry St,Hicks St,Huntington St,King St,Luquer St,Mill St,Nelson St,Otsego St,Richards St,Seabring St,Sullivan St,Tremont St,Verona St,William St,NA,NA,NA,NA,NA,NA,NA,NA,NA,NA,NA,NA,NA,NA,NA,NA,NA,NA,NA,NA,NA,NA,NA,NA,NA,NA,NA,NA,NA,NA,NA,NA,NA,NA,NA
101,Bay St,Bompjes Hook Wharf,Bryant St,Bush St,Centre St,Church St,Clinton St,Columbia St,Court St,Cuba St,Dwight St,Garnet St,Grinnell St,Halleck St,Hamilton Ave,Henry St,Hicks St,Huntington St,Lorraine St,Mill St,Nelson St,Oregon St,Otsego St,Percival St,Sigourney St,Smith St,Sullivan St,Wharf St,NA,NA,NA,NA,NA,NA,NA,NA,NA,NA,NA,NA,NA,NA,NA,NA,NA,NA,NA,NA,NA,NA,NA,NA,NA,NA,NA,NA,NA,NA,NA
102,Church St,Clinton St,Court St,Hamilton Ave,Huntington St,Nelson St,NA,NA,NA,NA,NA,NA,NA,NA,NA,NA,NA,NA,NA,NA,NA,NA,NA,NA,NA,NA,NA,NA,NA,NA,NA,NA,NA,NA,NA,NA,NA,NA,NA,NA,NA,NA,NA,NA,NA,NA,NA,NA,NA,NA,NA,NA,NA,NA,NA,NA,NA,NA,NA
103,Church St,Court St,Garnet St,Hamilton Ave,Huntington St,Mill St,Smith St,NA,NA,NA,NA,NA,NA,NA,NA,NA,NA,NA,NA,NA,NA,NA,NA,NA,NA,NA,NA,NA,NA,NA,NA,NA,NA,NA,NA,NA,NA,NA,NA,NA,NA,NA,NA,NA,NA,NA,NA,NA,NA,NA,NA,NA,NA,NA,NA,NA,NA,NA,NA
104,4th Pl,5th Ln,7th Ln,Clinton St,Coles St,Court St,Dennet Pl,Hamilton Ave,Henry St,Hoyt St,Huntington St,Luquer St,Manhasset Pl,Nelson St,Smith St,NA,NA,NA,NA,NA,NA,NA,NA,NA,NA,NA,NA,NA,NA,NA,NA,NA,NA,NA,NA,NA,NA,NA,NA,NA,NA,NA,NA,NA,NA,NA,NA,NA,NA,NA,NA,NA,NA,NA,NA,NA,NA,NA,NA
105,1st St,1st St S,2nd St,2nd St S,3rd St,Grand St,River St,NA,NA,NA,NA,NA,NA,NA,NA,NA,NA,NA,NA,NA,NA,NA,NA,NA,NA,NA,NA,NA,NA,NA,NA,NA,NA,NA,NA,NA,NA,NA,NA,NA,NA,NA,NA,NA,NA,NA,NA,NA,NA,NA,NA,NA,NA,NA,NA,NA,NA,NA,NA
106,1st St,2nd St,2nd St S,3rd St,3rd St S,4th St S,NA,NA,NA,NA,NA,NA,NA,NA,NA,NA,NA,NA,NA,NA,NA,NA,NA,NA,NA,NA,NA,NA,NA,NA,NA,NA,NA,NA,NA,NA,NA,NA,NA,NA,NA,NA,NA,NA,NA,NA,NA,NA,NA,NA,NA,NA,NA,NA,NA,NA,NA,NA,NA
107,1st St S,2nd St S,3rd St,3rd St S,4th St,4th St S,5th St,NA,NA,NA,NA,NA,NA,NA,NA,NA,NA,NA,NA,NA,NA,NA,NA,NA,NA,NA,NA,NA,NA,NA,NA,NA,NA,NA,NA,NA,NA,NA,NA,NA,NA,NA,NA,NA,NA,NA,NA,NA,NA,NA,NA,NA,NA,NA,NA,NA,NA,NA,NA
108,1st St S,2nd St S,3rd St,4th St,5th St,6th St,Grand St,NA,NA,NA,NA,NA,NA,NA,NA,NA,NA,NA,NA,NA,NA,NA,NA,NA,NA,NA,NA,NA,NA,NA,NA,NA,NA,NA,NA,NA,NA,NA,NA,NA,NA,NA,NA,NA,NA,NA,NA,NA,NA,NA,NA,NA,NA,NA,NA,NA,NA,NA,NA
109,1st St S,2nd St S,3rd St S,4th St S,5th St,5th St S,6th St,7th St,Grand St,NA,NA,NA,NA,NA,NA,NA,NA,NA,NA,NA,NA,NA,NA,NA,NA,NA,NA,NA,NA,NA,NA,NA,NA,NA,NA,NA,NA,NA,NA,NA,NA,NA,NA,NA,NA,NA,NA,NA,NA,NA,NA,NA,NA,NA,NA,NA,NA,NA,NA
110,1st St S,2nd St S,3rd St S,7th St,8th St,9th St,Grand St,NA,NA,NA,NA,NA,NA,NA,NA,NA,NA,NA,NA,NA,NA,NA,NA,NA,NA,NA,NA,NA,NA,NA,NA,NA,NA,NA,NA,NA,NA,NA,NA,NA,NA,NA,NA,NA,NA,NA,NA,NA,NA,NA,NA,NA,NA,NA,NA,NA,NA,NA,NA
111,3rd St S,4th St S,5th St S,7th St,8th St,9th St,9th St S,Broadway,NA,NA,NA,NA,NA,NA,NA,NA,NA,NA,NA,NA,NA,NA,NA,NA,NA,NA,NA,NA,NA,NA,NA,NA,NA,NA,NA,NA,NA,NA,NA,NA,NA,NA,NA,NA,NA,NA,NA,NA,NA,NA,NA,NA,NA,NA,NA,NA,NA,NA,NA
112,4th St,4th St S,5th St,5th St S,6th St,6th St S,7th St,8th St,8th St S,9th St S,Broadway,NA,NA,NA,NA,NA,NA,NA,NA,NA,NA,NA,NA,NA,NA,NA,NA,NA,NA,NA,NA,NA,NA,NA,NA,NA,NA,NA,NA,NA,NA,NA,NA,NA,NA,NA,NA,NA,NA,NA,NA,NA,NA,NA,NA,NA,NA,NA,NA
113,1st St,2nd St,3rd St,4th St,4th St S,5th St S,6th St S,8th St S,Broadway,Dunham Pl,NA,NA,NA,NA,NA,NA,NA,NA,NA,NA,NA,NA,NA,NA,NA,NA,NA,NA,NA,NA,NA,NA,NA,NA,NA,NA,NA,NA,NA,NA,NA,NA,NA,NA,NA,NA,NA,NA,NA,NA,NA,NA,NA,NA,NA,NA,NA,NA,NA
114,10th St S,11th St S,1st St,2nd St,3rd St,4th St,5th St,8th St S,9th St S,Division Ave,Kent Ave,NA,NA,NA,NA,NA,NA,NA,NA,NA,NA,NA,NA,NA,NA,NA,NA,NA,NA,NA,NA,NA,NA,NA,NA,NA,NA,NA,NA,NA,NA,NA,NA,NA,NA,NA,NA,NA,NA,NA,NA,NA,NA,NA,NA,NA,NA,NA,NA
115,10th St N,11th St N,12th St N,13th St N,14th St N,1st St,2nd St,3rd St,4th St,7th St N,8th St N,9th St N,Banker St,Franklin St,Nassau Ave,NA,NA,NA,NA,NA,NA,NA,NA,NA,NA,NA,NA,NA,NA,NA,NA,NA,NA,NA,NA,NA,NA,NA,NA,NA,NA,NA,NA,NA,NA,NA,NA,NA,NA,NA,NA,NA,NA,NA,NA,NA,NA,NA,NA
116,2nd St,3rd St,6th St N,7th St N,8th St N,NA,NA,NA,NA,NA,NA,NA,NA,NA,NA,NA,NA,NA,NA,NA,NA,NA,NA,NA,NA,NA,NA,NA,NA,NA,NA,NA,NA,NA,NA,NA,NA,NA,NA,NA,NA,NA,NA,NA,NA,NA,NA,NA,NA,NA,NA,NA,NA,NA,NA,NA,NA,NA,NA
117,1st St,2nd St,6th St N,7th St N,NA,NA,NA,NA,NA,NA,NA,NA,NA,NA,NA,NA,NA,NA,NA,NA,NA,NA,NA,NA,NA,NA,NA,NA,NA,NA,NA,NA,NA,NA,NA,NA,NA,NA,NA,NA,NA,NA,NA,NA,NA,NA,NA,NA,NA,NA,NA,NA,NA,NA,NA,NA,NA,NA,NA
118,1st St,1st St N,2nd St,2nd St N,3rd St,4th St,Grand St,River St,NA,NA,NA,NA,NA,NA,NA,NA,NA,NA,NA,NA,NA,NA,NA,NA,NA,NA,NA,NA,NA,NA,NA,NA,NA,NA,NA,NA,NA,NA,NA,NA,NA,NA,NA,NA,NA,NA,NA,NA,NA,NA,NA,NA,NA,NA,NA,NA,NA,NA,NA
119,1st St N,2nd St N,3rd St N,4th St,4th St N,5th St,5th St N,6th St,6th St N,7th St,Fillmore Pl,Grand St,Hope St,NA,NA,NA,NA,NA,NA,NA,NA,NA,NA,NA,NA,NA,NA,NA,NA,NA,NA,NA,NA,NA,NA,NA,NA,NA,NA,NA,NA,NA,NA,NA,NA,NA,NA,NA,NA,NA,NA,NA,NA,NA,NA,NA,NA,NA,NA
120,1st St,2nd St,3rd St,4th St N,5th St N,6th St N,NA,NA,NA,NA,NA,NA,NA,NA,NA,NA,NA,NA,NA,NA,NA,NA,NA,NA,NA,NA,NA,NA,NA,NA,NA,NA,NA,NA,NA,NA,NA,NA,NA,NA,NA,NA,NA,NA,NA,NA,NA,NA,NA,NA,NA,NA,NA,NA,NA,NA,NA,NA,NA
121,1st St,2nd St,2nd St N,3rd St,3rd St N,4th St,4th St N,River St,NA,NA,NA,NA,NA,NA,NA,NA,NA,NA,NA,NA,NA,NA,NA,NA,NA,NA,NA,NA,NA,NA,NA,NA,NA,NA,NA,NA,NA,NA,NA,NA,NA,NA,NA,NA,NA,NA,NA,NA,NA,NA,NA,NA,NA,NA,NA,NA,NA,NA,NA
122,3rd St,4th St,4th St N,5th St N,6th St N,7th St N,8th St N,9th St N,NA,NA,NA,NA,NA,NA,NA,NA,NA,NA,NA,NA,NA,NA,NA,NA,NA,NA,NA,NA,NA,NA,NA,NA,NA,NA,NA,NA,NA,NA,NA,NA,NA,NA,NA,NA,NA,NA,NA,NA,NA,NA,NA,NA,NA,NA,NA,NA,NA,NA,NA
123,2nd St N,4th St N,5th St N,6th St,6th St N,7th St,7th St N,NA,NA,NA,NA,NA,NA,NA,NA,NA,NA,NA,NA,NA,NA,NA,NA,NA,NA,NA,NA,NA,NA,NA,NA,NA,NA,NA,NA,NA,NA,NA,NA,NA,NA,NA,NA,NA,NA,NA,NA,NA,NA,NA,NA,NA,NA,NA,NA,NA,NA,NA,NA
124,2nd St N,4th St N,5th St,5th St N,6th St,6th St N,7th St N,NA,NA,NA,NA,NA,NA,NA,NA,NA,NA,NA,NA,NA,NA,NA,NA,NA,NA,NA,NA,NA,NA,NA,NA,NA,NA,NA,NA,NA,NA,NA,NA,NA,NA,NA,NA,NA,NA,NA,NA,NA,NA,NA,NA,NA,NA,NA,NA,NA,NA,NA,NA
125,2nd St N,4th St N,5th St N,6th St,6th St N,7th St,7th St N,8th St,9th St,Ainslie St,Grand St,Hope St,Union Ave,NA,NA,NA,NA,NA,NA,NA,NA,NA,NA,NA,NA,NA,NA,NA,NA,NA,NA,NA,NA,NA,NA,NA,NA,NA,NA,NA,NA,NA,NA,NA,NA,NA,NA,NA,NA,NA,NA,NA,NA,NA,NA,NA,NA,NA,NA
126,10th St N,11th St N,12th St N,2nd St N,5th St,6th St,7th St,7th St N,8th St N,9th St N,Frost St,Jackson St,Skillman Ave,Union Ave,Van Cott Ave,Withers St,NA,NA,NA,NA,NA,NA,NA,NA,NA,NA,NA,NA,NA,NA,NA,NA,NA,NA,NA,NA,NA,NA,NA,NA,NA,NA,NA,NA,NA,NA,NA,NA,NA,NA,NA,NA,NA,NA,NA,NA,NA,NA,NA
127,10th St N,11th St N,12th St N,13th St N,14th St N,4th St,5th St,6th St N,7th St N,8th St N,9th St N,Banker St,Jane St,Union Ave,NA,NA,NA,NA,NA,NA,NA,NA,NA,NA,NA,NA,NA,NA,NA,NA,NA,NA,NA,NA,NA,NA,NA,NA,NA,NA,NA,NA,NA,NA,NA,NA,NA,NA,NA,NA,NA,NA,NA,NA,NA,NA,NA,NA,NA
128,10th St,11th St,12th St,1st St S,2nd St N,2nd St S,7th St N,9th St,Ainslie St,Devoe St,Grand St,Hope St,Lorimer St,Maujer St,Ten Eyck St,Union Ave,NA,NA,NA,NA,NA,NA,NA,NA,NA,NA,NA,NA,NA,NA,NA,NA,NA,NA,NA,NA,NA,NA,NA,NA,NA,NA,NA,NA,NA,NA,NA,NA,NA,NA,NA,NA,NA,NA,NA,NA,NA,NA,NA
129,Ainslie St,Devoe St,Grand St,Hope St,Leonard St,Lorimer St,Maujer St,Powers St,Ten Eyck St,Union Ave,NA,NA,NA,NA,NA,NA,NA,NA,NA,NA,NA,NA,NA,NA,NA,NA,NA,NA,NA,NA,NA,NA,NA,NA,NA,NA,NA,NA,NA,NA,NA,NA,NA,NA,NA,NA,NA,NA,NA,NA,NA,NA,NA,NA,NA,NA,NA,NA,NA
130,Ainslie St,Ewen St,Graham Ave,Grand St,Leonard St,Lorimer St,Maujer St,Powers St,Ten Eyck St,NA,NA,NA,NA,NA,NA,NA,NA,NA,NA,NA,NA,NA,NA,NA,NA,NA,NA,NA,NA,NA,NA,NA,NA,NA,NA,NA,NA,NA,NA,NA,NA,NA,NA,NA,NA,NA,NA,NA,NA,NA,NA,NA,NA,NA,NA,NA,NA,NA,NA
131,Ainslie St,Bushwick Ave,Devoe St,Graham Ave,Grand St,Humboldt St,Maujer St,Morrell St,Powers St,Ten Eyck St,NA,NA,NA,NA,NA,NA,NA,NA,NA,NA,NA,NA,NA,NA,NA,NA,NA,NA,NA,NA,NA,NA,NA,NA,NA,NA,NA,NA,NA,NA,NA,NA,NA,NA,NA,NA,NA,NA,NA,NA,NA,NA,NA,NA,NA,NA,NA,NA,NA
132,2nd St N,Ainslie St,Bushwick Ave,Conselyea St,Devoe St,Ewen St,Graham Ave,Humboldt St,Leonard St,Lorimer St,Maspeth Ave,Metropolitan Ave,NA,NA,NA,NA,NA,NA,NA,NA,NA,NA,NA,NA,NA,NA,NA,NA,NA,NA,NA,NA,NA,NA,NA,NA,NA,NA,NA,NA,NA,NA,NA,NA,NA,NA,NA,NA,NA,NA,NA,NA,NA,NA,NA,NA,NA,NA,NA
133,Ewen St,Frost St,Graham Ave,Herbert St,Humboldt St,Jackson St,Leonard St,Meeker Ave,Richardson St,Withers St,NA,NA,NA,NA,NA,NA,NA,NA,NA,NA,NA,NA,NA,NA,NA,NA,NA,NA,NA,NA,NA,NA,NA,NA,NA,NA,NA,NA,NA,NA,NA,NA,NA,NA,NA,NA,NA,NA,NA,NA,NA,NA,NA,NA,NA,NA,NA,NA,NA
134,Bushwick Ave,Conselyea St,Ewen St,Graham Ave,Humboldt St,Jackson St,Leonard St,Skillman Ave,NA,NA,NA,NA,NA,NA,NA,NA,NA,NA,NA,NA,NA,NA,NA,NA,NA,NA,NA,NA,NA,NA,NA,NA,NA,NA,NA,NA,NA,NA,NA,NA,NA,NA,NA,NA,NA,NA,NA,NA,NA,NA,NA,NA,NA,NA,NA,NA,NA,NA,NA
135,10th St N,11th St N,12th St N,14th St N,15th St N,5th St,6th St,Bayard St,Frost St,Guernsey St,Jackson St,Jane St,Leonard St,Lorimer St,Manhattan Ave,Newton St,Richardson St,Union Ave,Van Cott Ave,Van Pelt Ave,Withers St,NA,NA,NA,NA,NA,NA,NA,NA,NA,NA,NA,NA,NA,NA,NA,NA,NA,NA,NA,NA,NA,NA,NA,NA,NA,NA,NA,NA,NA,NA,NA,NA,NA,NA,NA,NA,NA,NA
136,2nd St N,7th St N,Conselyea St,Jackson St,Leonard St,Lorimer St,Skillman Ave,Union Ave,NA,NA,NA,NA,NA,NA,NA,NA,NA,NA,NA,NA,NA,NA,NA,NA,NA,NA,NA,NA,NA,NA,NA,NA,NA,NA,NA,NA,NA,NA,NA,NA,NA,NA,NA,NA,NA,NA,NA,NA,NA,NA,NA,NA,NA,NA,NA,NA,NA,NA,NA
137,10th St,11th St,3rd St S,4th St S,5th St S,9th St,9th St S,Broadway,NA,NA,NA,NA,NA,NA,NA,NA,NA,NA,NA,NA,NA,NA,NA,NA,NA,NA,NA,NA,NA,NA,NA,NA,NA,NA,NA,NA,NA,NA,NA,NA,NA,NA,NA,NA,NA,NA,NA,NA,NA,NA,NA,NA,NA,NA,NA,NA,NA,NA,NA
138,10th St,11th St,12th St,2nd St S,3rd St S,4th St S,9th St,Scholes St,Stagg St,Union Ave,NA,NA,NA,NA,NA,NA,NA,NA,NA,NA,NA,NA,NA,NA,NA,NA,NA,NA,NA,NA,NA,NA,NA,NA,NA,NA,NA,NA,NA,NA,NA,NA,NA,NA,NA,NA,NA,NA,NA,NA,NA,NA,NA,NA,NA,NA,NA,NA,NA
139,12th St,5th St S,Boerum St,Broadway,Heyward St,Johnson Ave,Lorimer St,McKibbin St,Middleton St,Montrose Ave,Penn St,Rutledge St,Seigel St,Union Ave,NA,NA,NA,NA,NA,NA,NA,NA,NA,NA,NA,NA,NA,NA,NA,NA,NA,NA,NA,NA,NA,NA,NA,NA,NA,NA,NA,NA,NA,NA,NA,NA,NA,NA,NA,NA,NA,NA,NA,NA,NA,NA,NA,NA,NA
140,11th St,12th St,3rd St S,4th St S,5th St S,Broadway,Division Ave,Hewes St,Hooper St,Lorimer St,Meserole St,Montrose Ave,Scholes St,Union Ave,NA,NA,NA,NA,NA,NA,NA,NA,NA,NA,NA,NA,NA,NA,NA,NA,NA,NA,NA,NA,NA,NA,NA,NA,NA,NA,NA,NA,NA,NA,NA,NA,NA,NA,NA,NA,NA,NA,NA,NA,NA,NA,NA,NA,NA
141,12th St,2nd St S,3rd St S,Leonard St,Lorimer St,Scholes St,Stagg St,Ten Eyck St,Union Ave,NA,NA,NA,NA,NA,NA,NA,NA,NA,NA,NA,NA,NA,NA,NA,NA,NA,NA,NA,NA,NA,NA,NA,NA,NA,NA,NA,NA,NA,NA,NA,NA,NA,NA,NA,NA,NA,NA,NA,NA,NA,NA,NA,NA,NA,NA,NA,NA,NA,NA
142,Boerum St,Johnson Ave,Leonard St,Lorimer St,Meserole St,Montrose Ave,Scholes St,NA,NA,NA,NA,NA,NA,NA,NA,NA,NA,NA,NA,NA,NA,NA,NA,NA,NA,NA,NA,NA,NA,NA,NA,NA,NA,NA,NA,NA,NA,NA,NA,NA,NA,NA,NA,NA,NA,NA,NA,NA,NA,NA,NA,NA,NA,NA,NA,NA,NA,NA,NA
143,Ewen St,Graham Ave,Leonard St,Scholes St,Stagg St,Ten Eyck St,NA,NA,NA,NA,NA,NA,NA,NA,NA,NA,NA,NA,NA,NA,NA,NA,NA,NA,NA,NA,NA,NA,NA,NA,NA,NA,NA,NA,NA,NA,NA,NA,NA,NA,NA,NA,NA,NA,NA,NA,NA,NA,NA,NA,NA,NA,NA,NA,NA,NA,NA,NA,NA
144,Ewen St,Graham Ave,Leonard St,Meserole St,Montrose Ave,Scholes St,NA,NA,NA,NA,NA,NA,NA,NA,NA,NA,NA,NA,NA,NA,NA,NA,NA,NA,NA,NA,NA,NA,NA,NA,NA,NA,NA,NA,NA,NA,NA,NA,NA,NA,NA,NA,NA,NA,NA,NA,NA,NA,NA,NA,NA,NA,NA,NA,NA,NA,NA,NA,NA
145,Graham Ave,Humboldt St,Meserole St,Montrose Ave,Morrell St,Scholes St,Stagg St,Ten Eyck St,NA,NA,NA,NA,NA,NA,NA,NA,NA,NA,NA,NA,NA,NA,NA,NA,NA,NA,NA,NA,NA,NA,NA,NA,NA,NA,NA,NA,NA,NA,NA,NA,NA,NA,NA,NA,NA,NA,NA,NA,NA,NA,NA,NA,NA,NA,NA,NA,NA,NA,NA
146,Bushwick Ave,Humboldt St,Maujer St,Meserole St,Montrose Ave,Morrell St,Scholes St,Stagg St,Ten Eyck St,NA,NA,NA,NA,NA,NA,NA,NA,NA,NA,NA,NA,NA,NA,NA,NA,NA,NA,NA,NA,NA,NA,NA,NA,NA,NA,NA,NA,NA,NA,NA,NA,NA,NA,NA,NA,NA,NA,NA,NA,NA,NA,NA,NA,NA,NA,NA,NA,NA,NA
147,Boerum St,Graham Ave,Humboldt St,Johnson Ave,Montrose Ave,Morrell St,NA,NA,NA,NA,NA,NA,NA,NA,NA,NA,NA,NA,NA,NA,NA,NA,NA,NA,NA,NA,NA,NA,NA,NA,NA,NA,NA,NA,NA,NA,NA,NA,NA,NA,NA,NA,NA,NA,NA,NA,NA,NA,NA,NA,NA,NA,NA,NA,NA,NA,NA,NA,NA
148,Boerum St,Bushwick Ave,Graham Ave,Humboldt St,Johnson Ave,McKibbin St,Montrose Ave,Morrell St,Seigel St,NA,NA,NA,NA,NA,NA,NA,NA,NA,NA,NA,NA,NA,NA,NA,NA,NA,NA,NA,NA,NA,NA,NA,NA,NA,NA,NA,NA,NA,NA,NA,NA,NA,NA,NA,NA,NA,NA,NA,NA,NA,NA,NA,NA,NA,NA,NA,NA,NA,NA
149,Boerum St,Broadway,Ewen St,Graham Ave,Leonard St,Lorimer St,McKibbin St,Seigel St,NA,NA,NA,NA,NA,NA,NA,NA,NA,NA,NA,NA,NA,NA,NA,NA,NA,NA,NA,NA,NA,NA,NA,NA,NA,NA,NA,NA,NA,NA,NA,NA,NA,NA,NA,NA,NA,NA,NA,NA,NA,NA,NA,NA,NA,NA,NA,NA,NA,NA,NA
150,Boerum St,Ewen St,Graham Ave,Johnson Ave,Leonard St,McKibbin St,Montrose Ave,NA,NA,NA,NA,NA,NA,NA,NA,NA,NA,NA,NA,NA,NA,NA,NA,NA,NA,NA,NA,NA,NA,NA,NA,NA,NA,NA,NA,NA,NA,NA,NA,NA,NA,NA,NA,NA,NA,NA,NA,NA,NA,NA,NA,NA,NA,NA,NA,NA,NA,NA,NA
151,Bartlett St,Broadway,Cook St,Debevoise St,Ewen St,Gerry St,Graham Ave,Leonard St,Moore St,Seigel St,Varet St,Wallabout St,Whipple St,NA,NA,NA,NA,NA,NA,NA,NA,NA,NA,NA,NA,NA,NA,NA,NA,NA,NA,NA,NA,NA,NA,NA,NA,NA,NA,NA,NA,NA,NA,NA,NA,NA,NA,NA,NA,NA,NA,NA,NA,NA,NA,NA,NA,NA,NA
152,Cook St,Ewen St,Graham Ave,Humboldt St,Moore St,Seigel St,Varet St,NA,NA,NA,NA,NA,NA,NA,NA,NA,NA,NA,NA,NA,NA,NA,NA,NA,NA,NA,NA,NA,NA,NA,NA,NA,NA,NA,NA,NA,NA,NA,NA,NA,NA,NA,NA,NA,NA,NA,NA,NA,NA,NA,NA,NA,NA,NA,NA,NA,NA,NA,NA
153,Bushwick Ave,Cook St,Humboldt St,Moore St,Morrell St,Seigel St,Varet St,NA,NA,NA,NA,NA,NA,NA,NA,NA,NA,NA,NA,NA,NA,NA,NA,NA,NA,NA,NA,NA,NA,NA,NA,NA,NA,NA,NA,NA,NA,NA,NA,NA,NA,NA,NA,NA,NA,NA,NA,NA,NA,NA,NA,NA,NA,NA,NA,NA,NA,NA,NA
154,Beaver St,Broadway,Bushwick Ave,Cook St,Debevoise St,Flushing Ave,Garden St,Graham Ave,Humboldt St,Morrell St,Yates Pl,NA,NA,NA,NA,NA,NA,NA,NA,NA,NA,NA,NA,NA,NA,NA,NA,NA,NA,NA,NA,NA,NA,NA,NA,NA,NA,NA,NA,NA,NA,NA,NA,NA,NA,NA,NA,NA,NA,NA,NA,NA,NA,NA,NA,NA,NA,NA,NA
155,Ann St,Ash St,Bay St N,Blue St,Box St,Clay St,Commercial St,Dick St,Dupont St,Eagle St,Eve St,Fell St,Franklin St,Manhattan Ave,Oakland St,Pink St,Pottery Beach,West St,NA,NA,NA,NA,NA,NA,NA,NA,NA,NA,NA,NA,NA,NA,NA,NA,NA,NA,NA,NA,NA,NA,NA,NA,NA,NA,NA,NA,NA,NA,NA,NA,NA,NA,NA,NA,NA,NA,NA,NA,NA
156,Ash St,Box St,Brant St,Clay St,Duck St,Dupont St,Eagle St,Manhattan Ave,Oakland St,Paidge Ave,Pequot St,Provost St,Ranton St,Setauket St,Shawnett St,NA,NA,NA,NA,NA,NA,NA,NA,NA,NA,NA,NA,NA,NA,NA,NA,NA,NA,NA,NA,NA,NA,NA,NA,NA,NA,NA,NA,NA,NA,NA,NA,NA,NA,NA,NA,NA,NA,NA,NA,NA,NA,NA,NA
157,Duck St,Eagle St,Freeman St,Greene St,Henry Pl,Henry St N,Holland St,Leyden St,Manhattan Ave,Oakland St,Paidge Ave,Provost St,NA,NA,NA,NA,NA,NA,NA,NA,NA,NA,NA,NA,NA,NA,NA,NA,NA,NA,NA,NA,NA,NA,NA,NA,NA,NA,NA,NA,NA,NA,NA,NA,NA,NA,NA,NA,NA,NA,NA,NA,NA,NA,NA,NA,NA,NA,NA
158,Emery St,Greene St,Greenpoint Ave,Henry St N,Huron St,India St,Java St,Kingsland Ave,Leyden St,Manhattan Ave,Oakland St,Paidge Ave,Provost St,Sutton St,Wallock St,NA,NA,NA,NA,NA,NA,NA,NA,NA,NA,NA,NA,NA,NA,NA,NA,NA,NA,NA,NA,NA,NA,NA,NA,NA,NA,NA,NA,NA,NA,NA,NA,NA,NA,NA,NA,NA,NA,NA,NA,NA,NA,NA,NA
159,Greenpoint Ave,Henry St N,Java St,Kent St,Manhattan Ave,Monitor St,Moultrie St,Oakland St,Provost St,NA,NA,NA,NA,NA,NA,NA,NA,NA,NA,NA,NA,NA,NA,NA,NA,NA,NA,NA,NA,NA,NA,NA,NA,NA,NA,NA,NA,NA,NA,NA,NA,NA,NA,NA,NA,NA,NA,NA,NA,NA,NA,NA,NA,NA,NA,NA,NA,NA,NA
160,Calyer St,Charlick St,Diamond St,Eckford St,Front Pl,Greenpoint Ave,Henry St N,Humboldt St,Java St,Jewel St,Kingsland Ave,Leonard St,Manhattan Ave,Meserole Ave,Milton St,Monitor St,Morgan Ave,Moultrie St,Newell St,Noble St,Oakland St,Provost St,Russell St,Sutton St,Vail St,Wright St,NA,NA,NA,NA,NA,NA,NA,NA,NA,NA,NA,NA,NA,NA,NA,NA,NA,NA,NA,NA,NA,NA,NA,NA,NA,NA,NA,NA,NA,NA,NA,NA,NA
161,Apollo St,Bridgewater St,Charlick St,Diamond St,Eckford St,Front Pl,Hausman St,Henry St N,Humboldt St,Jewel St,Kingsland Ave,Leonard St,Manhattan Ave,Meserole Ave,Monitor St,Morgan Ave,Moultrie St,Newell St,Norman Ave,Oakland St,Pollock St,Russell St,Sutton St,Webster St,NA,NA,NA,NA,NA,NA,NA,NA,NA,NA,NA,NA,NA,NA,NA,NA,NA,NA,NA,NA,NA,NA,NA,NA,NA,NA,NA,NA,NA,NA,NA,NA,NA,NA,NA
162,4th St,Apollo St,Bridgewater St,Diamond St,Eckford St,Front Pl,Hausman St,Henry St N,Humboldt St,Jewel St,Kingsland Ave,Lake St,Leonard St,Manhattan Ave,Meeker Ave,Monitor St,Morgan Ave,Morse St,Moultrie St,Nassau Ave,Nassau Pl,Newell St,Norman Ave,Oakland St,Russell St,Stewart Ave,Sutton St,Vandam St,Varick Ave,Varick St,NA,NA,NA,NA,NA,NA,NA,NA,NA,NA,NA,NA,NA,NA,NA,NA,NA,NA,NA,NA,NA,NA,NA,NA,NA,NA,NA,NA,NA
163,Eagle St,Franklin St,Freeman St,Greene St,Manhattan Ave,West St,NA,NA,NA,NA,NA,NA,NA,NA,NA,NA,NA,NA,NA,NA,NA,NA,NA,NA,NA,NA,NA,NA,NA,NA,NA,NA,NA,NA,NA,NA,NA,NA,NA,NA,NA,NA,NA,NA,NA,NA,NA,NA,NA,NA,NA,NA,NA,NA,NA,NA,NA,NA,NA
164,Franklin St,Greene St,Huron St,India St,Manhattan Ave,West St,NA,NA,NA,NA,NA,NA,NA,NA,NA,NA,NA,NA,NA,NA,NA,NA,NA,NA,NA,NA,NA,NA,NA,NA,NA,NA,NA,NA,NA,NA,NA,NA,NA,NA,NA,NA,NA,NA,NA,NA,NA,NA,NA,NA,NA,NA,NA,NA,NA,NA,NA,NA,NA
165,Franklin St,India St,Java St,Kent St,Manhattan Ave,West St,NA,NA,NA,NA,NA,NA,NA,NA,NA,NA,NA,NA,NA,NA,NA,NA,NA,NA,NA,NA,NA,NA,NA,NA,NA,NA,NA,NA,NA,NA,NA,NA,NA,NA,NA,NA,NA,NA,NA,NA,NA,NA,NA,NA,NA,NA,NA,NA,NA,NA,NA,NA,NA
166,Franklin St,Greenpoint Ave,Kent St,Manhattan Ave,Milton St,Noble St,West St,NA,NA,NA,NA,NA,NA,NA,NA,NA,NA,NA,NA,NA,NA,NA,NA,NA,NA,NA,NA,NA,NA,NA,NA,NA,NA,NA,NA,NA,NA,NA,NA,NA,NA,NA,NA,NA,NA,NA,NA,NA,NA,NA,NA,NA,NA,NA,NA,NA,NA,NA,NA
167,Banker St,Calyer St,Dobbin St,Franklin St,Guernsey St,Lorimer St,Manhattan Ave,Noble St,Oak St,West St,NA,NA,NA,NA,NA,NA,NA,NA,NA,NA,NA,NA,NA,NA,NA,NA,NA,NA,NA,NA,NA,NA,NA,NA,NA,NA,NA,NA,NA,NA,NA,NA,NA,NA,NA,NA,NA,NA,NA,NA,NA,NA,NA,NA,NA,NA,NA,NA,NA
168,14th St N,15th St N,1st St,2nd St,3rd St,4th St,Banker St,Calyer St,Dobbin St,Franklin St,Gem St,Guernsey St,Jane St,Lorimer St,Manhattan Ave,Meserole Ave,Nassau Ave,Norman Ave,Quay St,Van Cott Ave,West St,NA,NA,NA,NA,NA,NA,NA,NA,NA,NA,NA,NA,NA,NA,NA,NA,NA,NA,NA,NA,NA,NA,NA,NA,NA,NA,NA,NA,NA,NA,NA,NA,NA,NA,NA,NA,NA,NA
169,Apollo St,Diamond St,Eckford St,Hausman St,Henry St N,Humboldt St,Jewel St,Kingsland Ave,Leonard St,Manhattan Ave,Meeker Ave,Monitor St,Morgan Ave,Nassau Ave,Nassau Pl,Newell St,Oakland St,Porter Ave,Russell St,Sutton St,Van Cott Ave,Vandam St,Vandervoort Ave,Varick Ave,Varick St,NA,NA,NA,NA,NA,NA,NA,NA,NA,NA,NA,NA,NA,NA,NA,NA,NA,NA,NA,NA,NA,NA,NA,NA,NA,NA,NA,NA,NA,NA,NA,NA,NA,NA
170,Bayard St,Broome St,Diamond St,Eckford St,Ewen St,Graham Ave,Henry St N,Humboldt St,Jane St,Kingsland Ave,Leonard St,Meeker Ave,Monitor St,Morgan Ave,Newton St,Oakland St,Richardson St,Russell St,Sutton St,Van Cott Ave,Van Pelt Ave,NA,NA,NA,NA,NA,NA,NA,NA,NA,NA,NA,NA,NA,NA,NA,NA,NA,NA,NA,NA,NA,NA,NA,NA,NA,NA,NA,NA,NA,NA,NA,NA,NA,NA,NA,NA,NA,NA
171,Amos  St,Amos St,Anthony St,Banzett St,Beadel St,Bennett St,Cherry St,Division Pl,Ewen St,Frost St,Gardner Ave,Graham Ave,Hausman St,Henry St N,Herbert St,Humboldt St,Kingsland Ave,Lombardy St,Meeker Ave,Monitor St,Morgan Ave,Porter Ave,Richardson St,Scott Ave,Stewart Ave,Sutton St,Thomas St,Townsend St,Van Cott Ave,Van Pelt Ave,Vandam St,Vandervoort Ave,Varick Ave,Varick St,NA,NA,NA,NA,NA,NA,NA,NA,NA,NA,NA,NA,NA,NA,NA,NA,NA,NA,NA,NA,NA,NA,NA,NA,NA
172,2nd St N,Banzett St,Bennett St,Benton St,Bullion St,Bushwick Ave,Conselyea St,Frost St,Gardner Ave,Humboldt St,Jackson St,Kingsland Ave,Maspeth Ave,Morgan Ave,Parker St,Porter Ave,Scott Ave,Seneca Ave,Skillman Ave,Stewart Ave,Vandervoort Ave,Varick Ave,Withers St,NA,NA,NA,NA,NA,NA,NA,NA,NA,NA,NA,NA,NA,NA,NA,NA,NA,NA,NA,NA,NA,NA,NA,NA,NA,NA,NA,NA,NA,NA,NA,NA,NA,NA,NA,NA
173,2nd St N,Agate St,Ainslie St,Banzett St,Bushwick Ave,Calhoun St,Catharine St,Devoe St,Dickinson St,Gardner Ave,Grand St,Guilford St,Judge St,Kingsland Ave,LaGrange St,Maspeth Ave,Metropolitan Ave,Mill Pl,Mill St,Morgan Ave,Olive St,Orient Ave,Porter Ave,Powers St,Scott Ave,Seneca Ave,Sharon St,Spruce St,Stewart Ave,Vandervoort Ave,Varick Ave,Waterbury St,NA,NA,NA,NA,NA,NA,NA,NA,NA,NA,NA,NA,NA,NA,NA,NA,NA,NA,NA,NA,NA,NA,NA,NA,NA,NA,NA
174,Agate St,Boerum St,Bogart St,Bremen St,Bushwick Ave,Central Ave,Cook St,Covert Ave,Debevoise St,Evergreen Ave,Flushing Ave,Forrest St,Gardner Ave,George St,Grand St,Grattan St,Hamburg St,Harrison Pl,Ingraham St,Irving Ave,Johnson Ave,Knickerbocker Ave,LaGrange St,Maujer St,McKibbin St,Meadow St,Melrose St,Meserole St,Metropolitan Ave,Montrose Ave,Moore St,Morgan Ave,Morrell St,Old Bushwick Ave,Porter Ave,Prospect Way,Randolph St,Rock St,Scholes St,Scott Ave,Seigel St,Seneca Ave,Spruce St,St. Nicholas Ave,Stagg St,Stewart Ave,Ten Eyck St,Thames St,Vandervoort Ave,Varet St,Varick Ave,Waterbury St,White St,Wyckoff Ave,NA,NA,NA,NA,NA
175,Adams St E,Central Ave,Covert Ave,Cypress Ave,Evergreen Ave,Flushing Ave,Forrest St,George St,Hamburg St,Ingraham St,Irving Ave,Jefferson Pl,Johnson Ave,Knickerbocker Ave,Melrose St,Monteith St,Prospect Way,Randolph St,Rock St,Seneca Ave,St. Nicholas Ave,Thames St,Troutman St,Vandervoort Ave,Varick Ave,Wyckoff Ave,NA,NA,NA,NA,NA,NA,NA,NA,NA,NA,NA,NA,NA,NA,NA,NA,NA,NA,NA,NA,NA,NA,NA,NA,NA,NA,NA,NA,NA,NA,NA,NA,NA
176,Adams St E,Beaver St,Belvidere St,Bremen St,Broadway,Burr Pl,Bushwick Ave,Debevoise St,Ditmars St,Ellery St,Evergreen Ave,Fayette St,Floyd St,Flushing Ave,Forrest St,Garden St,George St,Humboldt St,Jefferson Pl,Locust St,Monteith St,Myrtle Ave,Myrtle St,Park Ave,Park St,Prospect Way,Stockton St,Stuyvesant Ave,Troutman St,Wall St,Yates Pl,NA,NA,NA,NA,NA,NA,NA,NA,NA,NA,NA,NA,NA,NA,NA,NA,NA,NA,NA,NA,NA,NA,NA,NA,NA,NA,NA,NA
177,Broadway,Bushwick Ave,Cedar St,Central Ave,Cypress Ave,DeKalb Ave,Dodsworth St,Elm St,Evergreen Ave,Hamburg St,Hart St,Irving Ave,Knickerbocker Ave,Kosciusko St,Lawton St,Myrtle Ave,St. Nicholas Ave,Stanhope St,Stockholm St,Suydam St,Wyckoff Ave,NA,NA,NA,NA,NA,NA,NA,NA,NA,NA,NA,NA,NA,NA,NA,NA,NA,NA,NA,NA,NA,NA,NA,NA,NA,NA,NA,NA,NA,NA,NA,NA,NA,NA,NA,NA,NA,NA
178,Broadway,Bushwick Ave,Central Ave,Charles Pl,Cypress Ave,Ditmars St,Evergreen Ave,Hamburg St,Irving Ave,Knickerbocker Ave,Myrtle Ave,Myrtle St,St. Nicholas Ave,Starr St,Stuyvesant Ave,Suydam St,Troutman St,Willoughby Ave,Wyckoff Ave,NA,NA,NA,NA,NA,NA,NA,NA,NA,NA,NA,NA,NA,NA,NA,NA,NA,NA,NA,NA,NA,NA,NA,NA,NA,NA,NA,NA,NA,NA,NA,NA,NA,NA,NA,NA,NA,NA,NA,NA
179,Aberdeen St,Bainbridge St,Broadway,Bushwick Ave,Central Ave,Chauncey St,Conway St,Cooper St,Cornelia St,Covert St,Duryea St,Eldert St,Evergreen Ave,Fairfax St,Furman Ave,Granite St,Hamburg St,Hancock St,Hopkinson Ave,Hull Pl,Irving Ave,Ivy St,Jacob St,Jefferson St,Knickerbocker Ave,Margaretta St,Marion St,Moffat St,Pilling St,Putnam Ave,Saratoga Ave,Schaeffer St,Stewart St,Stone Ave,Sumpter St,Van Voorhis St,Vanderveer St,Vigelius St,Weirfield St,Woodbine St,Wyckoff Ave,NA,NA,NA,NA,NA,NA,NA,NA,NA,NA,NA,NA,NA,NA,NA,NA,NA,NA
180,Bleecker St,Broadway,Bushwick Ave,Central Ave,Central Pl,Evergreen Ave,Gates Ave,Greene Ave,Grove St,Hamburg St,Harman St,Himrod St,Irving Ave,Knickerbocker Ave,Kosciusko St,Kossuth Pl,Lafayette Ave,Linden St,Magnolia St,Myrtle Ave,Palmetto St,Ralph Ave,Ralph St,St. Nicholas Ave,Stanhope St,Stockholm St,Van Buren St,Woodbine St,Wyckoff Ave,NA,NA,NA,NA,NA,NA,NA,NA,NA,NA,NA,NA,NA,NA,NA,NA,NA,NA,NA,NA,NA,NA,NA,NA,NA,NA,NA,NA,NA,NA
181,Bartlett St,Broadway,Cook St,Delmonico Pl,Flushing Ave,Gerry St,Graham Ave,Harrison Ave,Leonard St,Marcy Ave,Moore St,Thornton St,Throop Ave,Tompkins Ave,Wallabout St,Whipple St,NA,NA,NA,NA,NA,NA,NA,NA,NA,NA,NA,NA,NA,NA,NA,NA,NA,NA,NA,NA,NA,NA,NA,NA,NA,NA,NA,NA,NA,NA,NA,NA,NA,NA,NA,NA,NA,NA,NA,NA,NA,NA,NA
182,Bedford Ave,Broadway,Flushing Ave,Gerry St,Gwinnett St,Harrison Ave,Lee Ave,Lorimer St,Lynch St,Marcy Ave,Middleton St,Moore St,Nostrand Ave,Sandford St,Seigel St,Spencer St,Throop Ave,Wallabout St,Walton St,NA,NA,NA,NA,NA,NA,NA,NA,NA,NA,NA,NA,NA,NA,NA,NA,NA,NA,NA,NA,NA,NA,NA,NA,NA,NA,NA,NA,NA,NA,NA,NA,NA,NA,NA,NA,NA,NA,NA,NA
183,Bedford Ave,Boerum St,Broadway,Flushing Ave,Franklin Ave,Harrison Ave,Heyward St,Lee Ave,Lynch St,Marcy Ave,McKibbin St,Middleton St,Rutledge St,Skillman St,Throop Ave,Wallabout St,Wythe Ave,NA,NA,NA,NA,NA,NA,NA,NA,NA,NA,NA,NA,NA,NA,NA,NA,NA,NA,NA,NA,NA,NA,NA,NA,NA,NA,NA,NA,NA,NA,NA,NA,NA,NA,NA,NA,NA,NA,NA,NA,NA,NA
184,12th St,Bedford Ave,Broadway,Harrison Ave,Hewes St,Lee Ave,Marcy Ave,Penn St,Rutledge St,Wythe Ave,NA,NA,NA,NA,NA,NA,NA,NA,NA,NA,NA,NA,NA,NA,NA,NA,NA,NA,NA,NA,NA,NA,NA,NA,NA,NA,NA,NA,NA,NA,NA,NA,NA,NA,NA,NA,NA,NA,NA,NA,NA,NA,NA,NA,NA,NA,NA,NA,NA
185,10th St,11th St,Bedford Ave,Broadway,Division Ave,Harrison Ave,Hewes St,Hooper St,Keap St,Lee Ave,Marcy Ave,Penn St,NA,NA,NA,NA,NA,NA,NA,NA,NA,NA,NA,NA,NA,NA,NA,NA,NA,NA,NA,NA,NA,NA,NA,NA,NA,NA,NA,NA,NA,NA,NA,NA,NA,NA,NA,NA,NA,NA,NA,NA,NA,NA,NA,NA,NA,NA,NA
186,10th St,8th St,9th St,9th St S,Bedford Ave,Division Ave,Keap St,Lee Ave,Marcy Ave,Rodney St,Ross St,NA,NA,NA,NA,NA,NA,NA,NA,NA,NA,NA,NA,NA,NA,NA,NA,NA,NA,NA,NA,NA,NA,NA,NA,NA,NA,NA,NA,NA,NA,NA,NA,NA,NA,NA,NA,NA,NA,NA,NA,NA,NA,NA,NA,NA,NA,NA,NA
187,5th St,6th St,7th St,8th St,9th St S,Bedford Ave,Clymer St,Division Ave,Lee Ave,Marcy Ave,Ross St,Taylor St,Wilson St,NA,NA,NA,NA,NA,NA,NA,NA,NA,NA,NA,NA,NA,NA,NA,NA,NA,NA,NA,NA,NA,NA,NA,NA,NA,NA,NA,NA,NA,NA,NA,NA,NA,NA,NA,NA,NA,NA,NA,NA,NA,NA,NA,NA,NA,NA
188,10th St S,11th St S,2nd St,3rd St,4th St,5th St,9th St S,Bedford Ave,Clymer St,Division Ave,Lee Ave,Morton St,Rush St,Taylor St,Wythe Ave,NA,NA,NA,NA,NA,NA,NA,NA,NA,NA,NA,NA,NA,NA,NA,NA,NA,NA,NA,NA,NA,NA,NA,NA,NA,NA,NA,NA,NA,NA,NA,NA,NA,NA,NA,NA,NA,NA,NA,NA,NA,NA,NA,NA
189,Bedford Ave,Hewes St,Hooper St,Keap St,Rodney St,Ross St,Wilson St,Wythe Ave,NA,NA,NA,NA,NA,NA,NA,NA,NA,NA,NA,NA,NA,NA,NA,NA,NA,NA,NA,NA,NA,NA,NA,NA,NA,NA,NA,NA,NA,NA,NA,NA,NA,NA,NA,NA,NA,NA,NA,NA,NA,NA,NA,NA,NA,NA,NA,NA,NA,NA,NA
190,Adelphi St,Canal,Carlton Ave,Clason Ave,Clermont Ave,Clymer St,Cross St,Cumberland St,Flushing Ave,Franklin Ave,Graham St,Grand Ave,Hewes St,Heyward St,Hooper St,Keap St,Kent Ave,Oxford St N,Penn St,Portland Ave N,Rodney St,Ross St,Rutledge St,Ryerson St,Taylor St,Vanderbilt Ave,Waalbocht Pl,Wallabout St,Washington Ave,Williamsburgh Rd,Wilson St,Wythe Ave,NA,NA,NA,NA,NA,NA,NA,NA,NA,NA,NA,NA,NA,NA,NA,NA,NA,NA,NA,NA,NA,NA,NA,NA,NA,NA,NA
191,11th St S,1st St,2nd St,Bedford Ave,Clymer St,Cross St,Division Ave,Kent Ave,Morton St,Rush St,Taylor St,Wilson St,Wythe Ave,NA,NA,NA,NA,NA,NA,NA,NA,NA,NA,NA,NA,NA,NA,NA,NA,NA,NA,NA,NA,NA,NA,NA,NA,NA,NA,NA,NA,NA,NA,NA,NA,NA,NA,NA,NA,NA,NA,NA,NA,NA,NA,NA,NA,NA,NA
192,Auburn Pl,Cumberland St,Flushing Ave,Myrtle Ave,Oxford St N,Park Ave,Portland Ave N,NA,NA,NA,NA,NA,NA,NA,NA,NA,NA,NA,NA,NA,NA,NA,NA,NA,NA,NA,NA,NA,NA,NA,NA,NA,NA,NA,NA,NA,NA,NA,NA,NA,NA,NA,NA,NA,NA,NA,NA,NA,NA,NA,NA,NA,NA,NA,NA,NA,NA,NA,NA
193,Carlton Ave,Cumberland St,Flushing Ave,Myrtle Ave,Park Ave,Willoughby Ave,NA,NA,NA,NA,NA,NA,NA,NA,NA,NA,NA,NA,NA,NA,NA,NA,NA,NA,NA,NA,NA,NA,NA,NA,NA,NA,NA,NA,NA,NA,NA,NA,NA,NA,NA,NA,NA,NA,NA,NA,NA,NA,NA,NA,NA,NA,NA,NA,NA,NA,NA,NA,NA
194,Adelphi St,Carlton Ave,Flushing Ave,Myrtle Ave,Park Ave,NA,NA,NA,NA,NA,NA,NA,NA,NA,NA,NA,NA,NA,NA,NA,NA,NA,NA,NA,NA,NA,NA,NA,NA,NA,NA,NA,NA,NA,NA,NA,NA,NA,NA,NA,NA,NA,NA,NA,NA,NA,NA,NA,NA,NA,NA,NA,NA,NA,NA,NA,NA,NA,NA
195,Adelphi St,Clermont Ave,Flushing Ave,Myrtle Ave,Park Ave,Willoughby Ave,NA,NA,NA,NA,NA,NA,NA,NA,NA,NA,NA,NA,NA,NA,NA,NA,NA,NA,NA,NA,NA,NA,NA,NA,NA,NA,NA,NA,NA,NA,NA,NA,NA,NA,NA,NA,NA,NA,NA,NA,NA,NA,NA,NA,NA,NA,NA,NA,NA,NA,NA,NA,NA
196,Clermont Ave,Flushing Ave,Myrtle Ave,Park Ave,Vanderbilt Ave,NA,NA,NA,NA,NA,NA,NA,NA,NA,NA,NA,NA,NA,NA,NA,NA,NA,NA,NA,NA,NA,NA,NA,NA,NA,NA,NA,NA,NA,NA,NA,NA,NA,NA,NA,NA,NA,NA,NA,NA,NA,NA,NA,NA,NA,NA,NA,NA,NA,NA,NA,NA,NA,NA
197,Clinton Ave,Flushing Ave,Myrtle Ave,Park Ave,Vanderbilt Ave,Washington Ave,Waverly Ave,NA,NA,NA,NA,NA,NA,NA,NA,NA,NA,NA,NA,NA,NA,NA,NA,NA,NA,NA,NA,NA,NA,NA,NA,NA,NA,NA,NA,NA,NA,NA,NA,NA,NA,NA,NA,NA,NA,NA,NA,NA,NA,NA,NA,NA,NA,NA,NA,NA,NA,NA,NA
198,Clermont Ave,Clinton Ave,DeKalb Ave,Myrtle Ave,Vanderbilt Ave,Washington Ave,Waverly Ave,Willoughby Ave,NA,NA,NA,NA,NA,NA,NA,NA,NA,NA,NA,NA,NA,NA,NA,NA,NA,NA,NA,NA,NA,NA,NA,NA,NA,NA,NA,NA,NA,NA,NA,NA,NA,NA,NA,NA,NA,NA,NA,NA,NA,NA,NA,NA,NA,NA,NA,NA,NA,NA,NA
199,Adelphi St,Carlton Ave,Clermont Ave,Cumberland St,DeKalb Ave,Willoughby Ave,NA,NA,NA,NA,NA,NA,NA,NA,NA,NA,NA,NA,NA,NA,NA,NA,NA,NA,NA,NA,NA,NA,NA,NA,NA,NA,NA,NA,NA,NA,NA,NA,NA,NA,NA,NA,NA,NA,NA,NA,NA,NA,NA,NA,NA,NA,NA,NA,NA,NA,NA,NA,NA
200,Adelphi St,Carlton Ave,Clermont Ave,Clinton Ave,Cumberland St,DeKalb Ave,Lafayette Ave,Vanderbilt Ave,Washington Ave,Waverly Ave,NA,NA,NA,NA,NA,NA,NA,NA,NA,NA,NA,NA,NA,NA,NA,NA,NA,NA,NA,NA,NA,NA,NA,NA,NA,NA,NA,NA,NA,NA,NA,NA,NA,NA,NA,NA,NA,NA,NA,NA,NA,NA,NA,NA,NA,NA,NA,NA,NA
201,6th Ave,Atlantic Ave,Cumberland St,DeKalb Ave,Fulton St,Hanson Pl,Lafayette Ave,Oxford St S,Portland Ave S,NA,NA,NA,NA,NA,NA,NA,NA,NA,NA,NA,NA,NA,NA,NA,NA,NA,NA,NA,NA,NA,NA,NA,NA,NA,NA,NA,NA,NA,NA,NA,NA,NA,NA,NA,NA,NA,NA,NA,NA,NA,NA,NA,NA,NA,NA,NA,NA,NA,NA
202,Atlantic Ave,Carlton Ave,Cumberland St,Fulton St,Greene Ave,Hanson Pl,Lafayette Ave,Oxford St S,NA,NA,NA,NA,NA,NA,NA,NA,NA,NA,NA,NA,NA,NA,NA,NA,NA,NA,NA,NA,NA,NA,NA,NA,NA,NA,NA,NA,NA,NA,NA,NA,NA,NA,NA,NA,NA,NA,NA,NA,NA,NA,NA,NA,NA,NA,NA,NA,NA,NA,NA
203,Adelphi St,Atlantic Ave,Carlton Ave,Clermont Ave,Cumberland St,Fulton St,Greene Ave,Lafayette Ave,NA,NA,NA,NA,NA,NA,NA,NA,NA,NA,NA,NA,NA,NA,NA,NA,NA,NA,NA,NA,NA,NA,NA,NA,NA,NA,NA,NA,NA,NA,NA,NA,NA,NA,NA,NA,NA,NA,NA,NA,NA,NA,NA,NA,NA,NA,NA,NA,NA,NA,NA
204,Adelphi St,Atlantic Ave,Clermont Ave,Clinton Ave,Fulton St,Gates Ave,Underhill Ave,Vanderbilt Ave,Washington Ave,Waverly Ave,NA,NA,NA,NA,NA,NA,NA,NA,NA,NA,NA,NA,NA,NA,NA,NA,NA,NA,NA,NA,NA,NA,NA,NA,NA,NA,NA,NA,NA,NA,NA,NA,NA,NA,NA,NA,NA,NA,NA,NA,NA,NA,NA,NA,NA,NA,NA,NA,NA
205,Clermont Ave,Clinton Ave,Fulton St,Gates Ave,Greene Ave,Lafayette Ave,Vanderbilt Ave,Washington Ave,Waverly Ave,NA,NA,NA,NA,NA,NA,NA,NA,NA,NA,NA,NA,NA,NA,NA,NA,NA,NA,NA,NA,NA,NA,NA,NA,NA,NA,NA,NA,NA,NA,NA,NA,NA,NA,NA,NA,NA,NA,NA,NA,NA,NA,NA,NA,NA,NA,NA,NA,NA,NA
206,Broadway,DeKalb Ave,Ditmars St,Dodsworth St,Hart St,Jefferson Pl,Lawton St,Lewis Ave,Myrtle Ave,Pulaski St,Reid Ave,Stockton St,Stuyvesant Ave,Vernon Ave,Willoughby Ave,Yates Ave,NA,NA,NA,NA,NA,NA,NA,NA,NA,NA,NA,NA,NA,NA,NA,NA,NA,NA,NA,NA,NA,NA,NA,NA,NA,NA,NA,NA,NA,NA,NA,NA,NA,NA,NA,NA,NA,NA,NA,NA,NA,NA,NA
207,Broadway,DeKalb Ave,Kosciusko St,Lafayette Ave,Lewis Ave,Patchen Ave,Reid Ave,Stuyvesant Ave,Yates Ave,NA,NA,NA,NA,NA,NA,NA,NA,NA,NA,NA,NA,NA,NA,NA,NA,NA,NA,NA,NA,NA,NA,NA,NA,NA,NA,NA,NA,NA,NA,NA,NA,NA,NA,NA,NA,NA,NA,NA,NA,NA,NA,NA,NA,NA,NA,NA,NA,NA,NA
208,Lewis Ave,Myrtle Ave,Stockton St,Throop Ave,Tompkins Ave,Vernon Ave,Willoughby Ave,Yates Ave,NA,NA,NA,NA,NA,NA,NA,NA,NA,NA,NA,NA,NA,NA,NA,NA,NA,NA,NA,NA,NA,NA,NA,NA,NA,NA,NA,NA,NA,NA,NA,NA,NA,NA,NA,NA,NA,NA,NA,NA,NA,NA,NA,NA,NA,NA,NA,NA,NA,NA,NA
209,DeKalb Ave,Hart St,Kosciusko St,Lafayette Ave,Lewis Ave,Pulaski St,Throop Ave,Tompkins Ave,Willoughby Ave,Yates Ave,NA,NA,NA,NA,NA,NA,NA,NA,NA,NA,NA,NA,NA,NA,NA,NA,NA,NA,NA,NA,NA,NA,NA,NA,NA,NA,NA,NA,NA,NA,NA,NA,NA,NA,NA,NA,NA,NA,NA,NA,NA,NA,NA,NA,NA,NA,NA,NA,NA
210,DeKalb Ave,Hart St,Marcy Ave,Nostrand Ave,Pulaski St,Tompkins Ave,NA,NA,NA,NA,NA,NA,NA,NA,NA,NA,NA,NA,NA,NA,NA,NA,NA,NA,NA,NA,NA,NA,NA,NA,NA,NA,NA,NA,NA,NA,NA,NA,NA,NA,NA,NA,NA,NA,NA,NA,NA,NA,NA,NA,NA,NA,NA,NA,NA,NA,NA,NA,NA
211,Bedford Ave,DeKalb Ave,Kosciusko St,Lafayette Ave,Marcy Ave,Nostrand Ave,Spencer St,Tompkins Ave,NA,NA,NA,NA,NA,NA,NA,NA,NA,NA,NA,NA,NA,NA,NA,NA,NA,NA,NA,NA,NA,NA,NA,NA,NA,NA,NA,NA,NA,NA,NA,NA,NA,NA,NA,NA,NA,NA,NA,NA,NA,NA,NA,NA,NA,NA,NA,NA,NA,NA,NA
212,Bedford Ave,Marcy Ave,Myrtle Ave,Nostrand Ave,Sandford St,Spencer St,Tompkins Ave,Vernon Ave,Walworth St,Willoughby Ave,NA,NA,NA,NA,NA,NA,NA,NA,NA,NA,NA,NA,NA,NA,NA,NA,NA,NA,NA,NA,NA,NA,NA,NA,NA,NA,NA,NA,NA,NA,NA,NA,NA,NA,NA,NA,NA,NA,NA,NA,NA,NA,NA,NA,NA,NA,NA,NA,NA
213,Bedford Ave,DeKalb Ave,Hart St,Marcy Ave,Nostrand Ave,Pulaski St,Sandford St,Spencer St,Tompkins Ave,Walworth St,Willoughby Ave,NA,NA,NA,NA,NA,NA,NA,NA,NA,NA,NA,NA,NA,NA,NA,NA,NA,NA,NA,NA,NA,NA,NA,NA,NA,NA,NA,NA,NA,NA,NA,NA,NA,NA,NA,NA,NA,NA,NA,NA,NA,NA,NA,NA,NA,NA,NA,NA
214,Bedford Ave,Ellery St,Flushing Ave,Myrtle Ave,Nostrand Ave,Park Ave,Sandford St,Spencer St,Walworth St,NA,NA,NA,NA,NA,NA,NA,NA,NA,NA,NA,NA,NA,NA,NA,NA,NA,NA,NA,NA,NA,NA,NA,NA,NA,NA,NA,NA,NA,NA,NA,NA,NA,NA,NA,NA,NA,NA,NA,NA,NA,NA,NA,NA,NA,NA,NA,NA,NA,NA
215,Bartlett St,Delmonico Pl,Ellery St,Flushing Ave,Gerry St,Harrison Ave,Hopkins St,Marcy Ave,Nostrand Ave,Park Ave,Tompkins Ave,NA,NA,NA,NA,NA,NA,NA,NA,NA,NA,NA,NA,NA,NA,NA,NA,NA,NA,NA,NA,NA,NA,NA,NA,NA,NA,NA,NA,NA,NA,NA,NA,NA,NA,NA,NA,NA,NA,NA,NA,NA,NA,NA,NA,NA,NA,NA,NA
216,Floyd St,Marcy Ave,Myrtle Ave,Nostrand Ave,Park Ave,Sandford St,Stockton St,Vernon Ave,Walworth St,NA,NA,NA,NA,NA,NA,NA,NA,NA,NA,NA,NA,NA,NA,NA,NA,NA,NA,NA,NA,NA,NA,NA,NA,NA,NA,NA,NA,NA,NA,NA,NA,NA,NA,NA,NA,NA,NA,NA,NA,NA,NA,NA,NA,NA,NA,NA,NA,NA,NA
217,Delmonico Pl,Ellery St,Flushing Ave,Hopkins St,Park Ave,Throop Ave,Tompkins Ave,NA,NA,NA,NA,NA,NA,NA,NA,NA,NA,NA,NA,NA,NA,NA,NA,NA,NA,NA,NA,NA,NA,NA,NA,NA,NA,NA,NA,NA,NA,NA,NA,NA,NA,NA,NA,NA,NA,NA,NA,NA,NA,NA,NA,NA,NA,NA,NA,NA,NA,NA,NA
218,Floyd St,Marcy Ave,Myrtle Ave,Park Ave,Stockton St,Throop Ave,Tompkins Ave,Vernon Ave,NA,NA,NA,NA,NA,NA,NA,NA,NA,NA,NA,NA,NA,NA,NA,NA,NA,NA,NA,NA,NA,NA,NA,NA,NA,NA,NA,NA,NA,NA,NA,NA,NA,NA,NA,NA,NA,NA,NA,NA,NA,NA,NA,NA,NA,NA,NA,NA,NA,NA,NA
219,Broadway,Ellery St,Fayette St,Flushing Ave,Hopkins St,Park Ave,Thornton St,Throop Ave,Yates Ave,Yates Pl,NA,NA,NA,NA,NA,NA,NA,NA,NA,NA,NA,NA,NA,NA,NA,NA,NA,NA,NA,NA,NA,NA,NA,NA,NA,NA,NA,NA,NA,NA,NA,NA,NA,NA,NA,NA,NA,NA,NA,NA,NA,NA,NA,NA,NA,NA,NA,NA,NA
220,Broadway,Floyd St,Lewis Ave,Locust St,Park Ave,Stockton St,Throop Ave,Yates Ave,NA,NA,NA,NA,NA,NA,NA,NA,NA,NA,NA,NA,NA,NA,NA,NA,NA,NA,NA,NA,NA,NA,NA,NA,NA,NA,NA,NA,NA,NA,NA,NA,NA,NA,NA,NA,NA,NA,NA,NA,NA,NA,NA,NA,NA,NA,NA,NA,NA,NA,NA
221,4th Ave,5th Ave,Atlantic Ave,Bergen St,Dean St,Flatbush Ave,Hanson Pl,Pacific St,Raymond St,NA,NA,NA,NA,NA,NA,NA,NA,NA,NA,NA,NA,NA,NA,NA,NA,NA,NA,NA,NA,NA,NA,NA,NA,NA,NA,NA,NA,NA,NA,NA,NA,NA,NA,NA,NA,NA,NA,NA,NA,NA,NA,NA,NA,NA,NA,NA,NA,NA,NA
222,4th Ave,5th Ave,6th Ave,Baltic St,Bergen St,Flatbush Ave,Park Pl,Prospect Pl,St. Mark\'s Ave,Warren St,Wyckoff St,NA,NA,NA,NA,NA,NA,NA,NA,NA,NA,NA,NA,NA,NA,NA,NA,NA,NA,NA,NA,NA,NA,NA,NA,NA,NA,NA,NA,NA,NA,NA,NA,NA,NA,NA,NA,NA,NA,NA,NA,NA,NA,NA,NA,NA,NA,NA,NA
223,4th Ave,5th Ave,6th Ave,7th Ave,8th Ave,Baltic St,Butler St,Carlton Ave,Douglass St,Flatbush Ave,Park Pl,Prospect Pl,St. John\'s Pl,Sterling Pl,Warren St,NA,NA,NA,NA,NA,NA,NA,NA,NA,NA,NA,NA,NA,NA,NA,NA,NA,NA,NA,NA,NA,NA,NA,NA,NA,NA,NA,NA,NA,NA,NA,NA,NA,NA,NA,NA,NA,NA,NA,NA,NA,NA,NA,NA
224,4th Ave,5th Ave,6th Ave,7th Ave,8th Ave,9th Ave,Carroll St,Degraw St,Douglass St,Fiske Pl,Flatbush Ave,Lincoln Pl,Macomb St,Montgomery St,Parade Pl,Plaza St E,Plaza St W,Polhemus Pl,President St,Sackett St,St. John\'s Pl,Union St,NA,NA,NA,NA,NA,NA,NA,NA,NA,NA,NA,NA,NA,NA,NA,NA,NA,NA,NA,NA,NA,NA,NA,NA,NA,NA,NA,NA,NA,NA,NA,NA,NA,NA,NA,NA,NA
225,1st Ln,2nd Ave,2nd Ln,3rd Ave,3rd Ln,4th Ave,4th Ln,5th Ave,5th Ln,6th Ave,6th Ln,7th Ave,7th Ln,8th Ave,8th Ln,9th Ave,9th Ln,Denton Pl,Fiske Pl,Macomb St,Whitwell Pl,NA,NA,NA,NA,NA,NA,NA,NA,NA,NA,NA,NA,NA,NA,NA,NA,NA,NA,NA,NA,NA,NA,NA,NA,NA,NA,NA,NA,NA,NA,NA,NA,NA,NA,NA,NA,NA,NA
226,10th Ave,11th Ln,2nd Ave,3rd Ave,4th Ave,5th Ave,6th Ave,7th Ave,8th Ave,8th Ln,9th Ave,9th Ln,NA,NA,NA,NA,NA,NA,NA,NA,NA,NA,NA,NA,NA,NA,NA,NA,NA,NA,NA,NA,NA,NA,NA,NA,NA,NA,NA,NA,NA,NA,NA,NA,NA,NA,NA,NA,NA,NA,NA,NA,NA,NA,NA,NA,NA,NA,NA
227,11th Ln,12th Ln,2nd Ave,3rd Ave,4th Ave,5th Ave,6th Ave,7th Ave,8th Ave,9th Ave,NA,NA,NA,NA,NA,NA,NA,NA,NA,NA,NA,NA,NA,NA,NA,NA,NA,NA,NA,NA,NA,NA,NA,NA,NA,NA,NA,NA,NA,NA,NA,NA,NA,NA,NA,NA,NA,NA,NA,NA,NA,NA,NA,NA,NA,NA,NA,NA,NA
228,12th Ln,13th St,2nd Ave,3rd Ave,4th Ave,5th Ave,6th Ave,7th Ave,8th Ave,9th Ave,Hamilton Ave,NA,NA,NA,NA,NA,NA,NA,NA,NA,NA,NA,NA,NA,NA,NA,NA,NA,NA,NA,NA,NA,NA,NA,NA,NA,NA,NA,NA,NA,NA,NA,NA,NA,NA,NA,NA,NA,NA,NA,NA,NA,NA,NA,NA,NA,NA,NA,NA
229,13th St,14th St,15th St,16th St,2nd Ave,3rd Ave,4th Ave,5th Ave,6th Ave,7th Ave,8th Ave,Hamilton Ave,Prospect Ave,NA,NA,NA,NA,NA,NA,NA,NA,NA,NA,NA,NA,NA,NA,NA,NA,NA,NA,NA,NA,NA,NA,NA,NA,NA,NA,NA,NA,NA,NA,NA,NA,NA,NA,NA,NA,NA,NA,NA,NA,NA,NA,NA,NA,NA,NA
230,10th Ln,11th Ave,13th St,14th St,15th St,16th St,3rd Ave,4th Ave,5th Ave,6th Ave,7th Ave,8th Ave,9th Ave,Braxton St,Jackson Pl,Prospect Ave,Sherman St,Webster Pl,NA,NA,NA,NA,NA,NA,NA,NA,NA,NA,NA,NA,NA,NA,NA,NA,NA,NA,NA,NA,NA,NA,NA,NA,NA,NA,NA,NA,NA,NA,NA,NA,NA,NA,NA,NA,NA,NA,NA,NA,NA
231,Albany Ave,Atlantic Ave,Brooklyn Ave,Decatur St,Fulton St,Halsey St,Herkimer St,Kingston Ave,Macon St,Marcy Ave,McDonough St,New York Ave,St. Andrew\'s Pl,Throop Ave,Tompkins Ave,Yates Ave,NA,NA,NA,NA,NA,NA,NA,NA,NA,NA,NA,NA,NA,NA,NA,NA,NA,NA,NA,NA,NA,NA,NA,NA,NA,NA,NA,NA,NA,NA,NA,NA,NA,NA,NA,NA,NA,NA,NA,NA,NA,NA,NA
232,Arlington Pl,Atlantic Ave,Bedford Ave,Brevoort Pl,Franklin Ave,Fulton St,Halsey St,Hancock St,Herkimer Pl,Herkimer St,Jefferson St,Macon St,Marcy Ave,McDonough St,New York Ave,Nostrand Ave,Perry Pl,Verona Pl,NA,NA,NA,NA,NA,NA,NA,NA,NA,NA,NA,NA,NA,NA,NA,NA,NA,NA,NA,NA,NA,NA,NA,NA,NA,NA,NA,NA,NA,NA,NA,NA,NA,NA,NA,NA,NA,NA,NA,NA,NA
233,Bedford Ave,Gates Ave,Marcy Ave,Monroe St,Nostrand Ave,Quincy St,NA,NA,NA,NA,NA,NA,NA,NA,NA,NA,NA,NA,NA,NA,NA,NA,NA,NA,NA,NA,NA,NA,NA,NA,NA,NA,NA,NA,NA,NA,NA,NA,NA,NA,NA,NA,NA,NA,NA,NA,NA,NA,NA,NA,NA,NA,NA,NA,NA,NA,NA,NA,NA
234,Bedford Ave,Jefferson St,Madison St,Marcy Ave,Monroe St,Nostrand Ave,Putnam Ave,NA,NA,NA,NA,NA,NA,NA,NA,NA,NA,NA,NA,NA,NA,NA,NA,NA,NA,NA,NA,NA,NA,NA,NA,NA,NA,NA,NA,NA,NA,NA,NA,NA,NA,NA,NA,NA,NA,NA,NA,NA,NA,NA,NA,NA,NA,NA,NA,NA,NA,NA,NA
235,Gates Ave,Lefferts Park,Lexington Ave,Marcy Ave,Monroe St,Quincy St,Throop Ave,Tompkins Ave,Yates Ave,NA,NA,NA,NA,NA,NA,NA,NA,NA,NA,NA,NA,NA,NA,NA,NA,NA,NA,NA,NA,NA,NA,NA,NA,NA,NA,NA,NA,NA,NA,NA,NA,NA,NA,NA,NA,NA,NA,NA,NA,NA,NA,NA,NA,NA,NA,NA,NA,NA,NA
236,Halsey St,Hancock St,Jefferson St,Macon St,Madison St,Marcy Ave,Monroe St,Putnam Ave,Throop Ave,Tompkins Ave,Yates Ave,NA,NA,NA,NA,NA,NA,NA,NA,NA,NA,NA,NA,NA,NA,NA,NA,NA,NA,NA,NA,NA,NA,NA,NA,NA,NA,NA,NA,NA,NA,NA,NA,NA,NA,NA,NA,NA,NA,NA,NA,NA,NA,NA,NA,NA,NA,NA,NA
237,Greene Ave,Lafayette Ave,Lexington Ave,Marcy Ave,Throop Ave,Tompkins Ave,Van Buren St,Yates Ave,NA,NA,NA,NA,NA,NA,NA,NA,NA,NA,NA,NA,NA,NA,NA,NA,NA,NA,NA,NA,NA,NA,NA,NA,NA,NA,NA,NA,NA,NA,NA,NA,NA,NA,NA,NA,NA,NA,NA,NA,NA,NA,NA,NA,NA,NA,NA,NA,NA,NA,NA
238,Bedford Ave,Clifton Pl,Greene Ave,Lafayette Ave,Lexington Ave,Marcy Ave,Nostrand Ave,Quincy St,Van Buren St,NA,NA,NA,NA,NA,NA,NA,NA,NA,NA,NA,NA,NA,NA,NA,NA,NA,NA,NA,NA,NA,NA,NA,NA,NA,NA,NA,NA,NA,NA,NA,NA,NA,NA,NA,NA,NA,NA,NA,NA,NA,NA,NA,NA,NA,NA,NA,NA,NA,NA
239,Atlantic Ave,Bergen St,Brooklyn Ave,Butler St,Carroll St,Crown St,Dean St,Degraw St,Douglass St,Montgomery St,New York Ave,Nostrand Ave,Old Clove Rd,Pacific St,Park Pl,Park Way,President St,Prospect Pl,St. Mark\'s Ave,Union St,NA,NA,NA,NA,NA,NA,NA,NA,NA,NA,NA,NA,NA,NA,NA,NA,NA,NA,NA,NA,NA,NA,NA,NA,NA,NA,NA,NA,NA,NA,NA,NA,NA,NA,NA,NA,NA,NA,NA
240,Atlantic Ave,Bedford Ave,Bedford Ave S,Bergen St,Butler St,Carroll St,Crown St,Dean St,Degraw St,Douglass St,Franklin Ave,Montgomery St,Nostrand Ave,Old Clove St,Pacific St,Park Pl,Park Way,President St,Prospect Pl,Rogers Ave,St. Mark\'s Ave,Union St,Warren St,NA,NA,NA,NA,NA,NA,NA,NA,NA,NA,NA,NA,NA,NA,NA,NA,NA,NA,NA,NA,NA,NA,NA,NA,NA,NA,NA,NA,NA,NA,NA,NA,NA,NA,NA,NA
241,Albany Ave,Atlantic Ave,Bergen St,Brooklyn Ave,Butler St,Carroll St,Crown St,Dean St,Degraw St,Douglass St,Kingston Ave,Malbone St,Montgomery St,Pacific St,Park Pl,Park Way,President St,Prospect Pl,Schenectady Ave,St. Mark\'s Ave,Troy Ave,Union St,Warren St,NA,NA,NA,NA,NA,NA,NA,NA,NA,NA,NA,NA,NA,NA,NA,NA,NA,NA,NA,NA,NA,NA,NA,NA,NA,NA,NA,NA,NA,NA,NA,NA,NA,NA,NA,NA
242,Atlantic Ave,Bergen St,Buffalo Ave,Butler St,Carroll St,Crown St,Dean St,Degraw St,Douglass St,Hopkinson Ave,Howard Ave,Pacific St,Park Pl,Park Way,President St,Ralph Ave,Rochester Ave,Rockaway Ave,Saratoga Ave,Schenectady Ave,St. Mark\'s Ave,Stone Ave,Union St,Utica Ave,Warren St,NA,NA,NA,NA,NA,NA,NA,NA,NA,NA,NA,NA,NA,NA,NA,NA,NA,NA,NA,NA,NA,NA,NA,NA,NA,NA,NA,NA,NA,NA,NA,NA,NA,NA
243,Gates Ave,Greene Ave,Jefferson St,Lafayette Ave,Lexington Ave,Madison St,Monroe St,Putnam Ave,Quincy St,Reid Ave,Stuyvesant Ave,Van Buren St,NA,NA,NA,NA,NA,NA,NA,NA,NA,NA,NA,NA,NA,NA,NA,NA,NA,NA,NA,NA,NA,NA,NA,NA,NA,NA,NA,NA,NA,NA,NA,NA,NA,NA,NA,NA,NA,NA,NA,NA,NA,NA,NA,NA,NA,NA,NA
244,Gates Ave,Greene Ave,Halsey St,Hancock St,Jefferson St,Lafayette Ave,Lewis Ave,Lexington Ave,Madison St,Monroe St,Putnam Ave,Quincy St,Stuyvesant Ave,Van Buren St,Yates Ave,NA,NA,NA,NA,NA,NA,NA,NA,NA,NA,NA,NA,NA,NA,NA,NA,NA,NA,NA,NA,NA,NA,NA,NA,NA,NA,NA,NA,NA,NA,NA,NA,NA,NA,NA,NA,NA,NA,NA,NA,NA,NA,NA,NA
245,Albany Ave,Atlantic Ave,Bainbridge St,Chauncey St,Decatur St,Fulton St,Halsey St,Herkimer St,Lewis Ave,Macon St,McDonough St,Schenectady Ave,Stuyvesant Ave,Troy Ave,Yates Ave,NA,NA,NA,NA,NA,NA,NA,NA,NA,NA,NA,NA,NA,NA,NA,NA,NA,NA,NA,NA,NA,NA,NA,NA,NA,NA,NA,NA,NA,NA,NA,NA,NA,NA,NA,NA,NA,NA,NA,NA,NA,NA,NA,NA
246,Bainbridge St,Decatur St,Halsey St,Hancock St,Jefferson St,Macon St,Madison St,McDonough St,Patchen Ave,Putnam Ave,Reid Ave,Stuyvesant Ave,NA,NA,NA,NA,NA,NA,NA,NA,NA,NA,NA,NA,NA,NA,NA,NA,NA,NA,NA,NA,NA,NA,NA,NA,NA,NA,NA,NA,NA,NA,NA,NA,NA,NA,NA,NA,NA,NA,NA,NA,NA,NA,NA,NA,NA,NA,NA
247,Atlantic Ave,Bainbridge St,Buffalo Ave,Chauncey St,Fellows Pl,Fulton St,Herkimer St,Hunterfly Rd,Marion St,Patchen Ave,Reid Ave,Rochester Ave,Schenectady Ave,Stuyvesant Ave,Sumpter St,Suydam Pl,Utica Ave,NA,NA,NA,NA,NA,NA,NA,NA,NA,NA,NA,NA,NA,NA,NA,NA,NA,NA,NA,NA,NA,NA,NA,NA,NA,NA,NA,NA,NA,NA,NA,NA,NA,NA,NA,NA,NA,NA,NA,NA,NA,NA
248,Broadway,Gates Ave,Greene Ave,Lafayette Ave,Lexington Ave,Madison St,Monroe St,Patchen Ave,Quincy St,Ralph Ave,Reid Ave,Van Buren St,NA,NA,NA,NA,NA,NA,NA,NA,NA,NA,NA,NA,NA,NA,NA,NA,NA,NA,NA,NA,NA,NA,NA,NA,NA,NA,NA,NA,NA,NA,NA,NA,NA,NA,NA,NA,NA,NA,NA,NA,NA,NA,NA,NA,NA,NA,NA
249,Bainbridge St,Buffalo Ave,Chauncey St,Decatur St,Fulton St,Halsey St,Hancock St,Jefferson St,Macon St,Madison St,Marion St,McDonough St,McDougal St,Patchen Ave,Putnam Ave,Ralph Ave,Sumpter St,NA,NA,NA,NA,NA,NA,NA,NA,NA,NA,NA,NA,NA,NA,NA,NA,NA,NA,NA,NA,NA,NA,NA,NA,NA,NA,NA,NA,NA,NA,NA,NA,NA,NA,NA,NA,NA,NA,NA,NA,NA,NA
250,Aberdeen St,Atlantic Ave,Bainbridge St,Bancroft Pl,Broadway,Buffalo Ave,Chauncey St,Columbus Pl,Cooper Pl,Covert St,Decatur St,Eldert St,Fulton St,Gates Ave,Gunther Pl,Halsey St,Hancock St,Herkimer St,Hopkinson Ave,Howard Ave,Hull Pl,Hull St,Ivy St,Jacob St,Jefferson St,Kane Pl,Linden St,Louis Pl,Macon St,Madison St,Magnolia St,Margaretta St,Marion St,McDonough St,McDougal St,Monroe St,Ocean Pl,Olive Pl,Palmetto St,Pleasant Pl,Prescott Pl,Putnam Ave,Quincy St,Radde Pl,Ralph Ave,Rockaway Ave,Russell Pl,Sackman St,Saratoga Ave,Schaeffer St,Somers St,Stewart St,Stone Ave,Sumpter St,Truxton St,Van Voorhis St,Vanderveer St,Vigelius St,Woodbine St
