ED,St1,St2,St3,St4,St5,St6,St7,St8,St9,St10,St11,St12,St13,St14,St15,St16,St17,St18,St19,St20,St21,St22,St23,St24,St25,St26,St27,St28,St29,St30,St31,St32,St33,St34,St35,St36,St37,St38,St39,St40,St41,St42,St43,St44,St45,St46,St47,St48
1,COLUMBIA HTS,CRANBERRY,DOUGHTY,ELIZABETH PL,EVERITT,FULTON,FURMAN,HICKS,MCKENNY,MIDDAGH,OLD FULTON,POPLAR,VINE,WILLOW,NA,NA,NA,NA,NA,NA,NA,NA,NA,NA,NA,NA,NA,NA,NA,NA,NA,NA,NA,NA,NA,NA,NA,NA,NA,NA,NA,NA,NA,NA,NA,NA,NA,NA
2,CLARK,COLUMBIA HTS,CRANBERRY,HICKS,ORANGE,PIERREPONT,PINEAPPLE,WILLOW,NA,NA,NA,NA,NA,NA,NA,NA,NA,NA,NA,NA,NA,NA,NA,NA,NA,NA,NA,NA,NA,NA,NA,NA,NA,NA,NA,NA,NA,NA,NA,NA,NA,NA,NA,NA,NA,NA,NA,NA
3,FURMAN,GRACE CT,HICKS,JORALEMON,MONTAGUE,MONTAGUE TER,PIERREPONT,PIERREPONT PL,REMSEN,STATE,WILLOW PL,NA,NA,NA,NA,NA,NA,NA,NA,NA,NA,NA,NA,NA,NA,NA,NA,NA,NA,NA,NA,NA,NA,NA,NA,NA,NA,NA,NA,NA,NA,NA,NA,NA,NA,NA,NA,NA
4,ATLANTIC AVE,COLUMBIA PL,FURMAN,HICKS,JORALEMON,STATE,WILLOW PL,NA,NA,NA,NA,NA,NA,NA,NA,NA,NA,NA,NA,NA,NA,NA,NA,NA,NA,NA,NA,NA,NA,NA,NA,NA,NA,NA,NA,NA,NA,NA,NA,NA,NA,NA,NA,NA,NA,NA,NA,NA
5,CADMAN W PLZ,CRANBERRY,HENRY,HICKS,MIDDAGH,OLD FULTON,ORANGE,PINEAPPLE,PINEAPPLE WALK,POPLAR,NA,NA,NA,NA,NA,NA,NA,NA,NA,NA,NA,NA,NA,NA,NA,NA,NA,NA,NA,NA,NA,NA,NA,NA,NA,NA,NA,NA,NA,NA,NA,NA,NA,NA,NA,NA,NA,NA
6,CADMAN W PLZ,CLARK,CLINTON,COLLEGE PL,HENRY,HICKS,LOVE LN,MONROE PL,MONTAGUE,PIERREPONT,PINEAPPLE,PINEAPPLE WALK,NA,NA,NA,NA,NA,NA,NA,NA,NA,NA,NA,NA,NA,NA,NA,NA,NA,NA,NA,NA,NA,NA,NA,NA,NA,NA,NA,NA,NA,NA,NA,NA,NA,NA,NA,NA
7,ATLANTIC AVE,BOERUM PL,CADMAN W PLZ,CLINTON,CT,FULTON,JORALEMON,LIVINGSTON,MONTAGUE,REMSEN,SCHERMERHORN,STATE,WILLOUGHBY,NA,NA,NA,NA,NA,NA,NA,NA,NA,NA,NA,NA,NA,NA,NA,NA,NA,NA,NA,NA,NA,NA,NA,NA,NA,NA,NA,NA,NA,NA,NA,NA,NA,NA,NA
8,AITKEN PL,ATLANTIC AVE,CLINTON,HENRY,HUNTS LN,JORALEMON,MONTAGUE,REMSEN,SIDNEY PL,STATE,NA,NA,NA,NA,NA,NA,NA,NA,NA,NA,NA,NA,NA,NA,NA,NA,NA,NA,NA,NA,NA,NA,NA,NA,NA,NA,NA,NA,NA,NA,NA,NA,NA,NA,NA,NA,NA,NA
9,ATLANTIC AVE,GARDEN PL,GRACE CT ALY,HENRY,HICKS,JORALEMON,MONTAGUE,REMSEN,STATE,NA,NA,NA,NA,NA,NA,NA,NA,NA,NA,NA,NA,NA,NA,NA,NA,NA,NA,NA,NA,NA,NA,NA,NA,NA,NA,NA,NA,NA,NA,NA,NA,NA,NA,NA,NA,NA,NA,NA
10,CADMAN E PLZ,CADMAN W PLZ,DOCK,FRONT,FULTON,MAIN,OLD DOCK,OLD FULTON,PROSPECT,SAND,WASHINGTON,WATER,NA,NA,NA,NA,NA,NA,NA,NA,NA,NA,NA,NA,NA,NA,NA,NA,NA,NA,NA,NA,NA,NA,NA,NA,NA,NA,NA,NA,NA,NA,NA,NA,NA,NA,NA,NA
11,ADAMS,CADMAN E PLZ,FLEET ALY,FRONT,MAIN,PLYMOUTH,PROSPECT,SAND,WASHINGTON,WATER,YORK,NA,NA,NA,NA,NA,NA,NA,NA,NA,NA,NA,NA,NA,NA,NA,NA,NA,NA,NA,NA,NA,NA,NA,NA,NA,NA,NA,NA,NA,NA,NA,NA,NA,NA,NA,NA,NA
12,ADAMS,FRONT,JAY,JOHN,PEARL,PLYMOUTH,PROSPECT,SAND,WASHINGTON,WATER,YORK,NA,NA,NA,NA,NA,NA,NA,NA,NA,NA,NA,NA,NA,NA,NA,NA,NA,NA,NA,NA,NA,NA,NA,NA,NA,NA,NA,NA,NA,NA,NA,NA,NA,NA,NA,NA,NA
13,BRG,FRONT,JAY,JOHN,PROSPECT,SAND,YORK,NA,NA,NA,NA,NA,NA,NA,NA,NA,NA,NA,NA,NA,NA,NA,NA,NA,NA,NA,NA,NA,NA,NA,NA,NA,NA,NA,NA,NA,NA,NA,NA,NA,NA,NA,NA,NA,NA,NA,NA,NA
14,ATLANTIC AVE,BOERUM PL,FULTON,GALLATIN PL,HOYT,LIVINGSTON,RED HOOK LN,SCHERMERHORN,SMITH,STATE,NA,NA,NA,NA,NA,NA,NA,NA,NA,NA,NA,NA,NA,NA,NA,NA,NA,NA,NA,NA,NA,NA,NA,NA,NA,NA,NA,NA,NA,NA,NA,NA,NA,NA,NA,NA,NA,NA
15,3 AVE,BOND,ELM PL,FLATBUSH AVE,FULTON,GROVE PL,HANOVER PL,HOYT,LIVINGSTON,NEVINS,SCHERMERHORN,STATE,NA,NA,NA,NA,NA,NA,NA,NA,NA,NA,NA,NA,NA,NA,NA,NA,NA,NA,NA,NA,NA,NA,NA,NA,NA,NA,NA,NA,NA,NA,NA,NA,NA,NA,NA,NA
16,3 AVE,4 AVE,ATLANTIC AVE,FLATBUSH AVE,NEVINS,PACIFIC,STATE,NA,NA,NA,NA,NA,NA,NA,NA,NA,NA,NA,NA,NA,NA,NA,NA,NA,NA,NA,NA,NA,NA,NA,NA,NA,NA,NA,NA,NA,NA,NA,NA,NA,NA,NA,NA,NA,NA,NA,NA,NA
17,3 AVE,4 AVE,BERGEN,DEAN,NEVINS,PACIFIC,NA,NA,NA,NA,NA,NA,NA,NA,NA,NA,NA,NA,NA,NA,NA,NA,NA,NA,NA,NA,NA,NA,NA,NA,NA,NA,NA,NA,NA,NA,NA,NA,NA,NA,NA,NA,NA,NA,NA,NA,NA,NA
18,ATLANTIC AVE,BERGEN,BOND,DEAN,HOYT,NEVINS,PACIFIC,SCHERMERHORN,STATE,NA,NA,NA,NA,NA,NA,NA,NA,NA,NA,NA,NA,NA,NA,NA,NA,NA,NA,NA,NA,NA,NA,NA,NA,NA,NA,NA,NA,NA,NA,NA,NA,NA,NA,NA,NA,NA,NA,NA
19,ATLANTIC AVE,BERGEN,BOND,DEAN,HOYT,PACIFIC,SMITH,NA,NA,NA,NA,NA,NA,NA,NA,NA,NA,NA,NA,NA,NA,NA,NA,NA,NA,NA,NA,NA,NA,NA,NA,NA,NA,NA,NA,NA,NA,NA,NA,NA,NA,NA,NA,NA,NA,NA,NA,NA
20,ATLANTIC AVE,BERGEN,BOERUM PL,CT,DEAN,PACIFIC,SMITH,NA,NA,NA,NA,NA,NA,NA,NA,NA,NA,NA,NA,NA,NA,NA,NA,NA,NA,NA,NA,NA,NA,NA,NA,NA,NA,NA,NA,NA,NA,NA,NA,NA,NA,NA,NA,NA,NA,NA,NA,NA
21,ADAMS,BRG,HIGH,JAY,PEARL,SAND,NA,NA,NA,NA,NA,NA,NA,NA,NA,NA,NA,NA,NA,NA,NA,NA,NA,NA,NA,NA,NA,NA,NA,NA,NA,NA,NA,NA,NA,NA,NA,NA,NA,NA,NA,NA,NA,NA,NA,NA,NA,NA
22,ADAMS,BRG,CADMAN E PLZ,CATHEDRAL PL,JAY,TILLARY,NA,NA,NA,NA,NA,NA,NA,NA,NA,NA,NA,NA,NA,NA,NA,NA,NA,NA,NA,NA,NA,NA,NA,NA,NA,NA,NA,NA,NA,NA,NA,NA,NA,NA,NA,NA,NA,NA,NA,NA,NA,NA
23,ADAMS,BRG,JAY,JOHNSON,LAWRENCE,MYRTLE AVE,TECH PL,NA,NA,NA,NA,NA,NA,NA,NA,NA,NA,NA,NA,NA,NA,NA,NA,NA,NA,NA,NA,NA,NA,NA,NA,NA,NA,NA,NA,NA,NA,NA,NA,NA,NA,NA,NA,NA,NA,NA,NA,NA
24,ADAMS,BRG,CADMAN E PLZ,JAY,JOHNSON,LAWRENCE,TECH PL,TILLARY,NA,NA,NA,NA,NA,NA,NA,NA,NA,NA,NA,NA,NA,NA,NA,NA,NA,NA,NA,NA,NA,NA,NA,NA,NA,NA,NA,NA,NA,NA,NA,NA,NA,NA,NA,NA,NA,NA,NA,NA
25,ADAMS,BRG,FULTON,JAY,JORALEMON,LAWRENCE,MYRTLE AVE,PEARL,WILLOUGHBY,NA,NA,NA,NA,NA,NA,NA,NA,NA,NA,NA,NA,NA,NA,NA,NA,NA,NA,NA,NA,NA,NA,NA,NA,NA,NA,NA,NA,NA,NA,NA,NA,NA,NA,NA,NA,NA,NA,NA
26,ADAMS,CADMAN E PLZ,CADMAN W PLZ,JOHNSON,SAND,TILLARY,NA,NA,NA,NA,NA,NA,NA,NA,NA,NA,NA,NA,NA,NA,NA,NA,NA,NA,NA,NA,NA,NA,NA,NA,NA,NA,NA,NA,NA,NA,NA,NA,NA,NA,NA,NA,NA,NA,NA,NA,NA,NA
27,BRG,GOLD,HUDSON AVE,JOHN,MARSHALL,PLYMOUTH,NA,NA,NA,NA,NA,NA,NA,NA,NA,NA,NA,NA,NA,NA,NA,NA,NA,NA,NA,NA,NA,NA,NA,NA,NA,NA,NA,NA,NA,NA,NA,NA,NA,NA,NA,NA,NA,NA,NA,NA,NA,NA
28,BRG,EVANS,FRONT,GOLD,HARRISON ALY,HUDSON AVE,PLYMOUTH,WATER,NA,NA,NA,NA,NA,NA,NA,NA,NA,NA,NA,NA,NA,NA,NA,NA,NA,NA,NA,NA,NA,NA,NA,NA,NA,NA,NA,NA,NA,NA,NA,NA,NA,NA,NA,NA,NA,NA,NA,NA
29,BRG,FRONT,GOLD,NASSAU,SAND,YORK,NA,NA,NA,NA,NA,NA,NA,NA,NA,NA,NA,NA,NA,NA,NA,NA,NA,NA,NA,NA,NA,NA,NA,NA,NA,NA,NA,NA,NA,NA,NA,NA,NA,NA,NA,NA,NA,NA,NA,NA,NA,NA
30,FRONT,GOLD,HUDSON AVE,NAVY,SAND,YORK,NA,NA,NA,NA,NA,NA,NA,NA,NA,NA,NA,NA,NA,NA,NA,NA,NA,NA,NA,NA,NA,NA,NA,NA,NA,NA,NA,NA,NA,NA,NA,NA,NA,NA,NA,NA,NA,NA,NA,NA,NA,NA
31,CONCORD,FLUSHING AVE,GOLD,NASSAU,NASSAU PL,NAVY,SAND,SMITHS ALY,NA,NA,NA,NA,NA,NA,NA,NA,NA,NA,NA,NA,NA,NA,NA,NA,NA,NA,NA,NA,NA,NA,NA,NA,NA,NA,NA,NA,NA,NA,NA,NA,NA,NA,NA,NA,NA,NA,NA,NA
32,BRG,CONCORD,DUFFIELD,GOLD,NASSAU,TECH PL,NA,NA,NA,NA,NA,NA,NA,NA,NA,NA,NA,NA,NA,NA,NA,NA,NA,NA,NA,NA,NA,NA,NA,NA,NA,NA,NA,NA,NA,NA,NA,NA,NA,NA,NA,NA,NA,NA,NA,NA,NA,NA
33,GOLD,JOHNSON,NAVY,PRINCE,NA,NA,NA,NA,NA,NA,NA,NA,NA,NA,NA,NA,NA,NA,NA,NA,NA,NA,NA,NA,NA,NA,NA,NA,NA,NA,NA,NA,NA,NA,NA,NA,NA,NA,NA,NA,NA,NA,NA,NA,NA,NA,NA,NA
34,CONCORD,GOLD,NAVY,PRINCE,NA,NA,NA,NA,NA,NA,NA,NA,NA,NA,NA,NA,NA,NA,NA,NA,NA,NA,NA,NA,NA,NA,NA,NA,NA,NA,NA,NA,NA,NA,NA,NA,NA,NA,NA,NA,NA,NA,NA,NA,NA,NA,NA,NA
35,ATLANTIC AVE,CLINTON,COLUMBIA,CT,HENRY,HICKS,PACIFIC,NA,NA,NA,NA,NA,NA,NA,NA,NA,NA,NA,NA,NA,NA,NA,NA,NA,NA,NA,NA,NA,NA,NA,NA,NA,NA,NA,NA,NA,NA,NA,NA,NA,NA,NA,NA,NA,NA,NA,NA,NA
36,AMITY,CLINTON,COLUMBIA,CONGRESS,CT,HENRY,HICKS,PACIFIC,NA,NA,NA,NA,NA,NA,NA,NA,NA,NA,NA,NA,NA,NA,NA,NA,NA,NA,NA,NA,NA,NA,NA,NA,NA,NA,NA,NA,NA,NA,NA,NA,NA,NA,NA,NA,NA,NA,NA,NA
37,BALTIC,BALTIC EXT,CLINTON,COLUMBIA,CONGRESS,CT,HENRY,HICKS,VERANDA PL,WARREN,NA,NA,NA,NA,NA,NA,NA,NA,NA,NA,NA,NA,NA,NA,NA,NA,NA,NA,NA,NA,NA,NA,NA,NA,NA,NA,NA,NA,NA,NA,NA,NA,NA,NA,NA,NA,NA,NA
38,BALTIC,CHEEVER PL,CLINTON,CT,DE GRAW,HENRY,HICKS,KANE,STRONG PL,TOMPKINS PL,NA,NA,NA,NA,NA,NA,NA,NA,NA,NA,NA,NA,NA,NA,NA,NA,NA,NA,NA,NA,NA,NA,NA,NA,NA,NA,NA,NA,NA,NA,NA,NA,NA,NA,NA,NA,NA,NA
39,BALTIC,BALTIC EXT,COLUMBIA,DE GRAW,HENRY,HICKS,IRVING,KANE,SEDGEWICK,TIFFANY PL,NA,NA,NA,NA,NA,NA,NA,NA,NA,NA,NA,NA,NA,NA,NA,NA,NA,NA,NA,NA,NA,NA,NA,NA,NA,NA,NA,NA,NA,NA,NA,NA,NA,NA,NA,NA,NA,NA
40,CLINTON,COLUMBIA,CT,DE GRAW,HENRY,HICKS,SACKETT,SEDGEWICK,VAN BRUNT,NA,NA,NA,NA,NA,NA,NA,NA,NA,NA,NA,NA,NA,NA,NA,NA,NA,NA,NA,NA,NA,NA,NA,NA,NA,NA,NA,NA,NA,NA,NA,NA,NA,NA,NA,NA,NA,NA,NA
41,CLINTON,COLUMBIA,CT,HENRY,HICKS,PRESIDENT,SACKETT,UNION,VAN BRUNT,NA,NA,NA,NA,NA,NA,NA,NA,NA,NA,NA,NA,NA,NA,NA,NA,NA,NA,NA,NA,NA,NA,NA,NA,NA,NA,NA,NA,NA,NA,NA,NA,NA,NA,NA,NA,NA,NA,NA
42,CARROLL,COLUMBIA,HICKS,PRESIDENT,UNION,VAN BRUNT,NA,NA,NA,NA,NA,NA,NA,NA,NA,NA,NA,NA,NA,NA,NA,NA,NA,NA,NA,NA,NA,NA,NA,NA,NA,NA,NA,NA,NA,NA,NA,NA,NA,NA,NA,NA,NA,NA,NA,NA,NA,NA
43,CARROLL,COLUMBIA,HAMILTON AVE,HENRY,HICKS,PRESIDENT,SUMMIT,VAN BRUNT,WOODHULL,NA,NA,NA,NA,NA,NA,NA,NA,NA,NA,NA,NA,NA,NA,NA,NA,NA,NA,NA,NA,NA,NA,NA,NA,NA,NA,NA,NA,NA,NA,NA,NA,NA,NA,NA,NA,NA,NA,NA
44,1 PL,2 PL,3 PL,CARROLL,CLINTON,CT,HENRY,PRESIDENT,NA,NA,NA,NA,NA,NA,NA,NA,NA,NA,NA,NA,NA,NA,NA,NA,NA,NA,NA,NA,NA,NA,NA,NA,NA,NA,NA,NA,NA,NA,NA,NA,NA,NA,NA,NA,NA,NA,NA,NA
45,3 PL,4 PL,CLINTON,COLUMBIA,CT,HAMILTON AVE,HENRY,HICKS,RAPELYE,SUMMIT,WOODHULL,NA,NA,NA,NA,NA,NA,NA,NA,NA,NA,NA,NA,NA,NA,NA,NA,NA,NA,NA,NA,NA,NA,NA,NA,NA,NA,NA,NA,NA,NA,NA,NA,NA,NA,NA,NA,NA
46,BEDFORD AVE,FLUSHING AVE,FRANKLIN AVE,KENT AVE,LITTLE NASSAU,MYRTLE AVE,PARK AVE,SKILLMAN,TAAFFE PL,NA,NA,NA,NA,NA,NA,NA,NA,NA,NA,NA,NA,NA,NA,NA,NA,NA,NA,NA,NA,NA,NA,NA,NA,NA,NA,NA,NA,NA,NA,NA,NA,NA,NA,NA,NA,NA,NA,NA
47,EMERSON PL,FLUSHING AVE,GRAND AVE,MYRTLE AVE,PARK AVE,RYERSON WALK,STEUBEN,TAAFFE PL,NA,NA,NA,NA,NA,NA,NA,NA,NA,NA,NA,NA,NA,NA,NA,NA,NA,NA,NA,NA,NA,NA,NA,NA,NA,NA,NA,NA,NA,NA,NA,NA,NA,NA,NA,NA,NA,NA,NA,NA
48,FLUSHING AVE,HALL,MYRTLE AVE,PARK AVE,RYERSON WALK,WASHINGTON AVE,NA,NA,NA,NA,NA,NA,NA,NA,NA,NA,NA,NA,NA,NA,NA,NA,NA,NA,NA,NA,NA,NA,NA,NA,NA,NA,NA,NA,NA,NA,NA,NA,NA,NA,NA,NA,NA,NA,NA,NA,NA,NA
49,DE KALB AVE,HALL,JAMESS PL,LAFAYETTE AVE,MYRTLE AVE,RYERSON WALK,WASHINGTON AVE,WILLOUGHBY AVE,NA,NA,NA,NA,NA,NA,NA,NA,NA,NA,NA,NA,NA,NA,NA,NA,NA,NA,NA,NA,NA,NA,NA,NA,NA,NA,NA,NA,NA,NA,NA,NA,NA,NA,NA,NA,NA,NA,NA,NA
50,DE KALB AVE,EMERSON PL,GRAND AVE,KENT AVE,MYRTLE AVE,RYERSON WALK,STEUBEN,TAAFFE PL,WILLOUGHBY AVE,NA,NA,NA,NA,NA,NA,NA,NA,NA,NA,NA,NA,NA,NA,NA,NA,NA,NA,NA,NA,NA,NA,NA,NA,NA,NA,NA,NA,NA,NA,NA,NA,NA,NA,NA,NA,NA,NA,NA
51,BEDFORD AVE,DE KALB AVE,FRANKLIN AVE,KENT AVE,MYRTLE AVE,PARK AVE,SKILLMAN,WILLOUGHBY AVE,NA,NA,NA,NA,NA,NA,NA,NA,NA,NA,NA,NA,NA,NA,NA,NA,NA,NA,NA,NA,NA,NA,NA,NA,NA,NA,NA,NA,NA,NA,NA,NA,NA,NA,NA,NA,NA,NA,NA,NA
52,BEDFORD AVE,DE KALB AVE,FRANKLIN AVE,LAFAYETTE AVE,SKILLMAN,UNION PL,WILLOUGHBY AVE,NA,NA,NA,NA,NA,NA,NA,NA,NA,NA,NA,NA,NA,NA,NA,NA,NA,NA,NA,NA,NA,NA,NA,NA,NA,NA,NA,NA,NA,NA,NA,NA,NA,NA,NA,NA,NA,NA,NA,NA,NA
53,DE KALB AVE,LAFAYETTE AVE,UNION PL,NA,NA,NA,NA,NA,NA,NA,NA,NA,NA,NA,NA,NA,NA,NA,NA,NA,NA,NA,NA,NA,NA,NA,NA,NA,NA,NA,NA,NA,NA,NA,NA,NA,NA,NA,NA,NA,NA,NA,NA,NA,NA,NA,NA,NA
54,BEDFORD AVE,CLIFTON PL,FRANKLIN AVE,GRAND AVE,GREENE AVE,LAFAYETTE AVE,LEXINGTON AVE,UNION PL,NA,NA,NA,NA,NA,NA,NA,NA,NA,NA,NA,NA,NA,NA,NA,NA,NA,NA,NA,NA,NA,NA,NA,NA,NA,NA,NA,NA,NA,NA,NA,NA,NA,NA,NA,NA,NA,NA,NA,NA
55,BEDFORD AVE,DOWNING,FRANKLIN AVE,GATES AVE,GRAND AVE,LEXINGTON AVE,QUINCY,NA,NA,NA,NA,NA,NA,NA,NA,NA,NA,NA,NA,NA,NA,NA,NA,NA,NA,NA,NA,NA,NA,NA,NA,NA,NA,NA,NA,NA,NA,NA,NA,NA,NA,NA,NA,NA,NA,NA,NA,NA
56,BEDFORD AVE,DOWNING,FRANKLIN AVE,GATES AVE,GRAND AVE,IRVING PL,MADISON,MONROE,PUTNAM AVE,NA,NA,NA,NA,NA,NA,NA,NA,NA,NA,NA,NA,NA,NA,NA,NA,NA,NA,NA,NA,NA,NA,NA,NA,NA,NA,NA,NA,NA,NA,NA,NA,NA,NA,NA,NA,NA,NA,NA
57,BEDFORD AVE,BEDFORD PL,BREVOORT PL,CLAVER PL,DOWNING,FRANKLIN AVE,FULTON,GRAND AVE,HANCOCK,IRVING PL,JEFFERSON AVE,LEFFERTS PL,PUTNAM AVE,SPENCER PL,NA,NA,NA,NA,NA,NA,NA,NA,NA,NA,NA,NA,NA,NA,NA,NA,NA,NA,NA,NA,NA,NA,NA,NA,NA,NA,NA,NA,NA,NA,NA,NA,NA,NA
58,CAMBRIDGE PL,CLIFTON PL,GATES AVE,GRAND AVE,GREENE AVE,JAMESS PL,LAFAYETTE AVE,WASHINGTON AVE,NA,NA,NA,NA,NA,NA,NA,NA,NA,NA,NA,NA,NA,NA,NA,NA,NA,NA,NA,NA,NA,NA,NA,NA,NA,NA,NA,NA,NA,NA,NA,NA,NA,NA,NA,NA,NA,NA,NA,NA
59,CAMBRIDGE PL,FULTON,GATES AVE,GRAND AVE,JAMESS PL,LEFFERTS PL,PUTNAM AVE,WASHINGTON AVE,NA,NA,NA,NA,NA,NA,NA,NA,NA,NA,NA,NA,NA,NA,NA,NA,NA,NA,NA,NA,NA,NA,NA,NA,NA,NA,NA,NA,NA,NA,NA,NA,NA,NA,NA,NA,NA,NA,NA,NA
60,17,18,3 AVE,4 AVE,5 AVE,HAMILTON AVE,PROSPECT AVE,NA,NA,NA,NA,NA,NA,NA,NA,NA,NA,NA,NA,NA,NA,NA,NA,NA,NA,NA,NA,NA,NA,NA,NA,NA,NA,NA,NA,NA,NA,NA,NA,NA,NA,NA,NA,NA,NA,NA,NA,NA
61,18,19,20,3 AVE,4 AVE,5 AVE,NA,NA,NA,NA,NA,NA,NA,NA,NA,NA,NA,NA,NA,NA,NA,NA,NA,NA,NA,NA,NA,NA,NA,NA,NA,NA,NA,NA,NA,NA,NA,NA,NA,NA,NA,NA,NA,NA,NA,NA,NA,NA
62,17,18,19,20,21,22,23,5 AVE,6 AVE,PROSPECT AVE,NA,NA,NA,NA,NA,NA,NA,NA,NA,NA,NA,NA,NA,NA,NA,NA,NA,NA,NA,NA,NA,NA,NA,NA,NA,NA,NA,NA,NA,NA,NA,NA,NA,NA,NA,NA,NA,NA
63,10 AVE,10 AVE PEDESTRIAN OPAS,11 AVE,17,18,19,20,21,22,6 AVE,7 AVE,8 AVE,8 AVE PEDESTRIAN OPAS,PROSPECT AVE,W PROSPECT,NA,NA,NA,NA,NA,NA,NA,NA,NA,NA,NA,NA,NA,NA,NA,NA,NA,NA,NA,NA,NA,NA,NA,NA,NA,NA,NA,NA,NA,NA,NA,NA,NA
64,20,21,22,23,4 AVE,5 AVE,NA,NA,NA,NA,NA,NA,NA,NA,NA,NA,NA,NA,NA,NA,NA,NA,NA,NA,NA,NA,NA,NA,NA,NA,NA,NA,NA,NA,NA,NA,NA,NA,NA,NA,NA,NA,NA,NA,NA,NA,NA,NA
65,3 AVE,4 AVE,NA,NA,NA,NA,NA,NA,NA,NA,NA,NA,NA,NA,NA,NA,NA,NA,NA,NA,NA,NA,NA,NA,NA,NA,NA,NA,NA,NA,NA,NA,NA,NA,NA,NA,NA,NA,NA,NA,NA,NA,NA,NA,NA,NA,NA,NA
66,23,24,25,26,27,28,29,3 AVE,30,31,32,33,34,4 AVE,5 AVE,NA,NA,NA,NA,NA,NA,NA,NA,NA,NA,NA,NA,NA,NA,NA,NA,NA,NA,NA,NA,NA,NA,NA,NA,NA,NA,NA,NA,NA,NA,NA,NA,NA
67,1 AVE,2 AVE,3 AVE,36,37,38,39,4 AVE,40,41,42,43,5 AVE,6 AVE,7 AVE,8 AVE,NA,NA,NA,NA,NA,NA,NA,NA,NA,NA,NA,NA,NA,NA,NA,NA,NA,NA,NA,NA,NA,NA,NA,NA,NA,NA,NA,NA,NA,NA,NA,NA
68,1 AVE,2 AVE,3 AVE,4 AVE,43,44,45,46,47,48,49,5 AVE,50,51,52,53,54,55,56,57,58,59,6 AVE,7 AVE,8 AVE,NA,NA,NA,NA,NA,NA,NA,NA,NA,NA,NA,NA,NA,NA,NA,NA,NA,NA,NA,NA,NA,NA,NA
69,6 AVE,ATLANTIC AVE,CARLTON AVE,DEAN,FLATBUSH AVE,PACIFIC,VANDERBILT AVE,NA,NA,NA,NA,NA,NA,NA,NA,NA,NA,NA,NA,NA,NA,NA,NA,NA,NA,NA,NA,NA,NA,NA,NA,NA,NA,NA,NA,NA,NA,NA,NA,NA,NA,NA,NA,NA,NA,NA,NA,NA
70,6 AVE,BERGEN,CARLTON AVE,DEAN,FLATBUSH AVE,PARK PL,PROSPECT PL,SAINT MARKS AVE,NA,NA,NA,NA,NA,NA,NA,NA,NA,NA,NA,NA,NA,NA,NA,NA,NA,NA,NA,NA,NA,NA,NA,NA,NA,NA,NA,NA,NA,NA,NA,NA,NA,NA,NA,NA,NA,NA,NA,NA
71,BERGEN,BUTLER PL,CARLTON AVE,DEAN,E PLZ,EAST PKWY,FLATBUSH AVE,GRAND AVE,LINCOLN PL,PARK PL,PRESIDENT,PROSPECT PL,SAINT JOHNS PL,SAINT MARKS AVE,STERLING PL,UNDERHILL AVE,VANDERBILT AVE,WASHINGTON AVE,NA,NA,NA,NA,NA,NA,NA,NA,NA,NA,NA,NA,NA,NA,NA,NA,NA,NA,NA,NA,NA,NA,NA,NA,NA,NA,NA,NA,NA,NA
72,BERGEN,DEAN,GRAND AVE,PACIFIC,UNDERHILL AVE,VANDERBILT AVE,WASHINGTON AVE,NA,NA,NA,NA,NA,NA,NA,NA,NA,NA,NA,NA,NA,NA,NA,NA,NA,NA,NA,NA,NA,NA,NA,NA,NA,NA,NA,NA,NA,NA,NA,NA,NA,NA,NA,NA,NA,NA,NA,NA,NA
73,BERGEN,DEAN,GRAND AVE,PACIFIC,PROSPECT PL,SAINT MARKS AVE,NA,NA,NA,NA,NA,NA,NA,NA,NA,NA,NA,NA,NA,NA,NA,NA,NA,NA,NA,NA,NA,NA,NA,NA,NA,NA,NA,NA,NA,NA,NA,NA,NA,NA,NA,NA,NA,NA,NA,NA,NA,NA
74,BERGEN,DEAN,GRAND AVE,PACIFIC,PARK PL,PROSPECT PL,SAINT MARKS AVE,WASHINGTON AVE,NA,NA,NA,NA,NA,NA,NA,NA,NA,NA,NA,NA,NA,NA,NA,NA,NA,NA,NA,NA,NA,NA,NA,NA,NA,NA,NA,NA,NA,NA,NA,NA,NA,NA,NA,NA,NA,NA,NA,NA
75,BERGEN,CARROLL,CROWN,DEAN,EAST PKWY,FRANKLIN AVE,GRAND AVE,LINCOLN PL,MONTGOMERY,PACIFIC,PARK PL,PRESIDENT,PROSPECT PL,SAINT JOHNS PL,SAINT MARKS AVE,STERLING PL,UNION,UNION PL,WASHINGTON AVE,NA,NA,NA,NA,NA,NA,NA,NA,NA,NA,NA,NA,NA,NA,NA,NA,NA,NA,NA,NA,NA,NA,NA,NA,NA,NA,NA,NA,NA
76,BERGEN,CT,HOYT,SMITH,WARREN,WYCKOFF,NA,NA,NA,NA,NA,NA,NA,NA,NA,NA,NA,NA,NA,NA,NA,NA,NA,NA,NA,NA,NA,NA,NA,NA,NA,NA,NA,NA,NA,NA,NA,NA,NA,NA,NA,NA,NA,NA,NA,NA,NA,NA
77,BALTIC,BERGEN,BOND,HOYT,NEVINS,WARREN,WYCKOFF,NA,NA,NA,NA,NA,NA,NA,NA,NA,NA,NA,NA,NA,NA,NA,NA,NA,NA,NA,NA,NA,NA,NA,NA,NA,NA,NA,NA,NA,NA,NA,NA,NA,NA,NA,NA,NA,NA,NA,NA,NA
78,3 AVE,4 AVE,BALTIC,BERGEN,NEVINS,WYCKOFF,NA,NA,NA,NA,NA,NA,NA,NA,NA,NA,NA,NA,NA,NA,NA,NA,NA,NA,NA,NA,NA,NA,NA,NA,NA,NA,NA,NA,NA,NA,NA,NA,NA,NA,NA,NA,NA,NA,NA,NA,NA,NA
79,1,3 AVE,4 AVE,BALTIC,BUTLER,CARROLL,DE GRAW,DENTON PL,DOUGLAS,NEVINS,PRESIDENT,SACKETT,UNION,WHITWELL PL,NA,NA,NA,NA,NA,NA,NA,NA,NA,NA,NA,NA,NA,NA,NA,NA,NA,NA,NA,NA,NA,NA,NA,NA,NA,NA,NA,NA,NA,NA,NA,NA,NA,NA
80,BALTIC,BOND,BUTLER,CT,HOYT,SMITH,WARREN,NA,NA,NA,NA,NA,NA,NA,NA,NA,NA,NA,NA,NA,NA,NA,NA,NA,NA,NA,NA,NA,NA,NA,NA,NA,NA,NA,NA,NA,NA,NA,NA,NA,NA,NA,NA,NA,NA,NA,NA,NA
81,BUTLER,CT,DE GRAW,DOUGLAS,HOYT,SACKETT,SMITH,NA,NA,NA,NA,NA,NA,NA,NA,NA,NA,NA,NA,NA,NA,NA,NA,NA,NA,NA,NA,NA,NA,NA,NA,NA,NA,NA,NA,NA,NA,NA,NA,NA,NA,NA,NA,NA,NA,NA,NA,NA
82,CT,DE GRAW,HOYT,PRESIDENT,SACKETT,SMITH,UNION,NA,NA,NA,NA,NA,NA,NA,NA,NA,NA,NA,NA,NA,NA,NA,NA,NA,NA,NA,NA,NA,NA,NA,NA,NA,NA,NA,NA,NA,NA,NA,NA,NA,NA,NA,NA,NA,NA,NA,NA,NA
83,1 PL,2,CARROLL,CT,HOYT,PRESIDENT,SMITH,NA,NA,NA,NA,NA,NA,NA,NA,NA,NA,NA,NA,NA,NA,NA,NA,NA,NA,NA,NA,NA,NA,NA,NA,NA,NA,NA,NA,NA,NA,NA,NA,NA,NA,NA,NA,NA,NA,NA,NA,NA
84,1 PL,2,2 PL,3,3 PL,4,4 PL,5,BOND,CT,HOYT,SMITH,NA,NA,NA,NA,NA,NA,NA,NA,NA,NA,NA,NA,NA,NA,NA,NA,NA,NA,NA,NA,NA,NA,NA,NA,NA,NA,NA,NA,NA,NA,NA,NA,NA,NA,NA,NA
85,BALTIC,BOND,DE GRAW,DOUGLAS,HOYT,SACKETT,UNION,NA,NA,NA,NA,NA,NA,NA,NA,NA,NA,NA,NA,NA,NA,NA,NA,NA,NA,NA,NA,NA,NA,NA,NA,NA,NA,NA,NA,NA,NA,NA,NA,NA,NA,NA,NA,NA,NA,NA,NA,NA
86,1,2,3 AVE,BALTIC,BOND,BUTLER,CARROLL,DE GRAW,DOUGLAS,HOYT,NEVINS,PRESIDENT,SACKETT,UNION,NA,NA,NA,NA,NA,NA,NA,NA,NA,NA,NA,NA,NA,NA,NA,NA,NA,NA,NA,NA,NA,NA,NA,NA,NA,NA,NA,NA,NA,NA,NA,NA,NA,NA
87,BRG,DUFFIELD,JOHNSON,MYRTLE AVE,PRINCE,TECH PL,NA,NA,NA,NA,NA,NA,NA,NA,NA,NA,NA,NA,NA,NA,NA,NA,NA,NA,NA,NA,NA,NA,NA,NA,NA,NA,NA,NA,NA,NA,NA,NA,NA,NA,NA,NA,NA,NA,NA,NA,NA,NA
88,ASHLAND PL,JOHNSON,MYRTLE AVE,NAVY,PARK AVE,SAINT EDWARDS,NA,NA,NA,NA,NA,NA,NA,NA,NA,NA,NA,NA,NA,NA,NA,NA,NA,NA,NA,NA,NA,NA,NA,NA,NA,NA,NA,NA,NA,NA,NA,NA,NA,NA,NA,NA,NA,NA,NA,NA,NA,NA
89,BRG,DUFFIELD,FAIR,FLEET PL,MYRTLE AVE,PRINCE,WILLOUGHBY,NA,NA,NA,NA,NA,NA,NA,NA,NA,NA,NA,NA,NA,NA,NA,NA,NA,NA,NA,NA,NA,NA,NA,NA,NA,NA,NA,NA,NA,NA,NA,NA,NA,NA,NA,NA,NA,NA,NA,NA,NA
90,ALBEE SQ,BRG,DUFFIELD,FLEET,FLEET PL,FULTON,HUDSON AVE,UNIVERSITY PLZ,WILLOUGHBY,NA,NA,NA,NA,NA,NA,NA,NA,NA,NA,NA,NA,NA,NA,NA,NA,NA,NA,NA,NA,NA,NA,NA,NA,NA,NA,NA,NA,NA,NA,NA,NA,NA,NA,NA,NA,NA,NA,NA
91,ALBEE SQ,ASHLAND PL,BOND,DE KALB AVE,FLEET,FULTON,HUDSON AVE,NAVY,ROCKWELL PL,SAINT EDWARDS,WILLOUGHBY,NA,NA,NA,NA,NA,NA,NA,NA,NA,NA,NA,NA,NA,NA,NA,NA,NA,NA,NA,NA,NA,NA,NA,NA,NA,NA,NA,NA,NA,NA,NA,NA,NA,NA,NA,NA,NA
92,ASHLAND PL,DE KALB AVE,FT GREEN PL,FULTON,ROCKWELL PL,SAINT FELIX,NA,NA,NA,NA,NA,NA,NA,NA,NA,NA,NA,NA,NA,NA,NA,NA,NA,NA,NA,NA,NA,NA,NA,NA,NA,NA,NA,NA,NA,NA,NA,NA,NA,NA,NA,NA,NA,NA,NA,NA,NA,NA
93,ASHLAND PL,FLATBUSH AVE,FT GREEN PL,FULTON,HANSON PL,LAFAYETTE AVE,ROCKWELL PL,SAINT FELIX,NA,NA,NA,NA,NA,NA,NA,NA,NA,NA,NA,NA,NA,NA,NA,NA,NA,NA,NA,NA,NA,NA,NA,NA,NA,NA,NA,NA,NA,NA,NA,NA,NA,NA,NA,NA,NA,NA,NA,NA
94,ASHLAND PL,ATLANTIC AVE,DE KALB AVE,FLATBUSH AVE,FT GREEN PL,FULTON,HANSON PL,LAFAYETTE AVE,S ELLIOTT PL,S PORTLAND AVE,NA,NA,NA,NA,NA,NA,NA,NA,NA,NA,NA,NA,NA,NA,NA,NA,NA,NA,NA,NA,NA,NA,NA,NA,NA,NA,NA,NA,NA,NA,NA,NA,NA,NA,NA,NA,NA,NA
95,AUBURN PL,FLUSHING AVE,MYRTLE AVE,N ELLIOT PL,N PORTLAND AVE,PARK AVE,SAINT EDWARDS,NA,NA,NA,NA,NA,NA,NA,NA,NA,NA,NA,NA,NA,NA,NA,NA,NA,NA,NA,NA,NA,NA,NA,NA,NA,NA,NA,NA,NA,NA,NA,NA,NA,NA,NA,NA,NA,NA,NA,NA,NA
96,BEARD,COFFEY,CONOVER,DIKEMAN,DWIGHT,FERRIS,OTSEGO,REED,RICHARD,VAN BRUNT,VANDYKE,WOLCOTT,NA,NA,NA,NA,NA,NA,NA,NA,NA,NA,NA,NA,NA,NA,NA,NA,NA,NA,NA,NA,NA,NA,NA,NA,NA,NA,NA,NA,NA,NA,NA,NA,NA,NA,NA,NA
97,COFFEY,CONOVER,DIKEMAN,FERRIS,RICHARD,VAN BRUNT,VANDYKE,WOLCOTT,NA,NA,NA,NA,NA,NA,NA,NA,NA,NA,NA,NA,NA,NA,NA,NA,NA,NA,NA,NA,NA,NA,NA,NA,NA,NA,NA,NA,NA,NA,NA,NA,NA,NA,NA,NA,NA,NA,NA,NA
98,CLINTON WHARF,CONOVER,FERRIS,KING,PIONEER,RICHARD,SULLIVAN,VAN BRUNT,VERONA,VISITATION PL,WOLCOTT,NA,NA,NA,NA,NA,NA,NA,NA,NA,NA,NA,NA,NA,NA,NA,NA,NA,NA,NA,NA,NA,NA,NA,NA,NA,NA,NA,NA,NA,NA,NA,NA,NA,NA,NA,NA,NA
99,BOWNE,CARROLL,CLINTON WHARF,COLES,COLUMBIA,COMMERCE,COMMERCIAL WHARF,DELEVAN,DWIGHT,HAMILTON AVE,HICKS,IMLAY,PIONEER,RICHARD,SEABRING,SUMMIT,VAN BRUNT,VERONA,NA,NA,NA,NA,NA,NA,NA,NA,NA,NA,NA,NA,NA,NA,NA,NA,NA,NA,NA,NA,NA,NA,NA,NA,NA,NA,NA,NA,NA,NA
100,BUSH,CENTRE MALL,COLES,COLUMBIA,DWIGHT,HAMILTON AVE,HENRY,HICKS,HUNTINGTON,LUQUER,MILL,NELSON,PIONEER,RICHARD,VERONA,W 9,NA,NA,NA,NA,NA,NA,NA,NA,NA,NA,NA,NA,NA,NA,NA,NA,NA,NA,NA,NA,NA,NA,NA,NA,NA,NA,NA,NA,NA,NA,NA,NA
101,BAY,BRYANT,BUSH,CENTRE,CLINTON,COLUMBIA,CREAMER,CT,GARNET,HALLECK AVE,HAMILTON AVE,HENRY,HICKS,HUNTINGTON,LORRAINE,MILL,NELSON,OTSEGO,SIGOURNEY,SMITH,W 9,NA,NA,NA,NA,NA,NA,NA,NA,NA,NA,NA,NA,NA,NA,NA,NA,NA,NA,NA,NA,NA,NA,NA,NA,NA,NA,NA
102,CLINTON,CT,HAMILTON AVE,HUNTINGTON,NELSON,W 9,NA,NA,NA,NA,NA,NA,NA,NA,NA,NA,NA,NA,NA,NA,NA,NA,NA,NA,NA,NA,NA,NA,NA,NA,NA,NA,NA,NA,NA,NA,NA,NA,NA,NA,NA,NA,NA,NA,NA,NA,NA,NA
103,9,CT,GARNET,HUNTINGTON,SMITH,W 9,NA,NA,NA,NA,NA,NA,NA,NA,NA,NA,NA,NA,NA,NA,NA,NA,NA,NA,NA,NA,NA,NA,NA,NA,NA,NA,NA,NA,NA,NA,NA,NA,NA,NA,NA,NA,NA,NA,NA,NA,NA,NA
104,4 PL,5,CLINTON,COLES,CT,DENNETT PL,HAMILTON AVE,HENRY,HICKS,HUNTINGTON,LUQUER,NELSON,SMITH,NA,NA,NA,NA,NA,NA,NA,NA,NA,NA,NA,NA,NA,NA,NA,NA,NA,NA,NA,NA,NA,NA,NA,NA,NA,NA,NA,NA,NA,NA,NA,NA,NA,NA,NA
105,BERRY,GRAND,KENT AVE,S 1,S 2,WYTHE AVE,NA,NA,NA,NA,NA,NA,NA,NA,NA,NA,NA,NA,NA,NA,NA,NA,NA,NA,NA,NA,NA,NA,NA,NA,NA,NA,NA,NA,NA,NA,NA,NA,NA,NA,NA,NA,NA,NA,NA,NA,NA,NA
106,BERRY,KENT AVE,S 2,S 3,S 4,WYTHE AVE,NA,NA,NA,NA,NA,NA,NA,NA,NA,NA,NA,NA,NA,NA,NA,NA,NA,NA,NA,NA,NA,NA,NA,NA,NA,NA,NA,NA,NA,NA,NA,NA,NA,NA,NA,NA,NA,NA,NA,NA,NA,NA
107,BEDFORD AVE,BERRY,DRIGGS AVE,S 1,S 2,S 3,S 4,NA,NA,NA,NA,NA,NA,NA,NA,NA,NA,NA,NA,NA,NA,NA,NA,NA,NA,NA,NA,NA,NA,NA,NA,NA,NA,NA,NA,NA,NA,NA,NA,NA,NA,NA,NA,NA,NA,NA,NA,NA
108,BEDFORD AVE,BERRY,DRIGGS AVE,GRAND,ROEBLING,S 1,S 2,NA,NA,NA,NA,NA,NA,NA,NA,NA,NA,NA,NA,NA,NA,NA,NA,NA,NA,NA,NA,NA,NA,NA,NA,NA,NA,NA,NA,NA,NA,NA,NA,NA,NA,NA,NA,NA,NA,NA,NA,NA
109,DRIGGS AVE,GRAND,HAVEMEYER,ROEBLING,S 1,S 2,S 3,S 4,NA,NA,NA,NA,NA,NA,NA,NA,NA,NA,NA,NA,NA,NA,NA,NA,NA,NA,NA,NA,NA,NA,NA,NA,NA,NA,NA,NA,NA,NA,NA,NA,NA,NA,NA,NA,NA,NA,NA,NA
110,GRAND,HAVEMEYER,MARCY AVE,RODNEY,S 1,S 2,S 3,NA,NA,NA,NA,NA,NA,NA,NA,NA,NA,NA,NA,NA,NA,NA,NA,NA,NA,NA,NA,NA,NA,NA,NA,NA,NA,NA,NA,NA,NA,NA,NA,NA,NA,NA,NA,NA,NA,NA,NA,NA
111,BROADWAY,HAVEMEYER,MARCY AVE,RODNEY,S 3,S 4,S 5,S 9,NA,NA,NA,NA,NA,NA,NA,NA,NA,NA,NA,NA,NA,NA,NA,NA,NA,NA,NA,NA,NA,NA,NA,NA,NA,NA,NA,NA,NA,NA,NA,NA,NA,NA,NA,NA,NA,NA,NA,NA
112,BEDFORD AVE,BROADWAY,DRIGGS AVE,HAVEMEYER,MARCY AVE,ROEBLING,S 4,S 5,S 8,S 9,NA,NA,NA,NA,NA,NA,NA,NA,NA,NA,NA,NA,NA,NA,NA,NA,NA,NA,NA,NA,NA,NA,NA,NA,NA,NA,NA,NA,NA,NA,NA,NA,NA,NA,NA,NA,NA,NA
113,BEDFORD AVE,BERRY,BROADWAY,DUNHAM PL,KENT AVE,S 4,S 5,S 6,S 8,WYTHE AVE,NA,NA,NA,NA,NA,NA,NA,NA,NA,NA,NA,NA,NA,NA,NA,NA,NA,NA,NA,NA,NA,NA,NA,NA,NA,NA,NA,NA,NA,NA,NA,NA,NA,NA,NA,NA,NA,NA
114,BEDFORD AVE,BERRY,BROADWAY,DIVISION AVE,DRIGGS AVE,KENT AVE,S 10,S 11,S 8,S 9,WYTHE AVE,NA,NA,NA,NA,NA,NA,NA,NA,NA,NA,NA,NA,NA,NA,NA,NA,NA,NA,NA,NA,NA,NA,NA,NA,NA,NA,NA,NA,NA,NA,NA,NA,NA,NA,NA,NA,NA
115,BEDFORD AVE,BERRY,KENT AVE,N 10,N 11,N 12,N 13,N 14,N 7,N 8,N 9,WYTHE AVE,NA,NA,NA,NA,NA,NA,NA,NA,NA,NA,NA,NA,NA,NA,NA,NA,NA,NA,NA,NA,NA,NA,NA,NA,NA,NA,NA,NA,NA,NA,NA,NA,NA,NA,NA,NA
116,BERRY,N 6,N 7,N 8,WYTHE AVE,NA,NA,NA,NA,NA,NA,NA,NA,NA,NA,NA,NA,NA,NA,NA,NA,NA,NA,NA,NA,NA,NA,NA,NA,NA,NA,NA,NA,NA,NA,NA,NA,NA,NA,NA,NA,NA,NA,NA,NA,NA,NA,NA
117,KENT AVE,N 6,N 7,N 8,WYTHE AVE,NA,NA,NA,NA,NA,NA,NA,NA,NA,NA,NA,NA,NA,NA,NA,NA,NA,NA,NA,NA,NA,NA,NA,NA,NA,NA,NA,NA,NA,NA,NA,NA,NA,NA,NA,NA,NA,NA,NA,NA,NA,NA,NA
118,BEDFORD AVE,BERRY,GRAND,KENT AVE,METROPOLITAN AVE,N 1,RIVER,WYTHE AVE,NA,NA,NA,NA,NA,NA,NA,NA,NA,NA,NA,NA,NA,NA,NA,NA,NA,NA,NA,NA,NA,NA,NA,NA,NA,NA,NA,NA,NA,NA,NA,NA,NA,NA,NA,NA,NA,NA,NA,NA
119,BEDFORD AVE,DRIGGS AVE,FILLMORE PL,GRAND,HAVEMEYER,HOPE,METROPOLITAN AVE,N 1,N 3,N 4,N 5,N 6,ROEBLING,NA,NA,NA,NA,NA,NA,NA,NA,NA,NA,NA,NA,NA,NA,NA,NA,NA,NA,NA,NA,NA,NA,NA,NA,NA,NA,NA,NA,NA,NA,NA,NA,NA,NA,NA
120,BERRY,KENT AVE,N 4,N 4 PL,N 5,N 6,WYTHE AVE,NA,NA,NA,NA,NA,NA,NA,NA,NA,NA,NA,NA,NA,NA,NA,NA,NA,NA,NA,NA,NA,NA,NA,NA,NA,NA,NA,NA,NA,NA,NA,NA,NA,NA,NA,NA,NA,NA,NA,NA,NA
121,BEDFORD AVE,BERRY,KENT AVE,METROPOLITAN AVE,N 3,N 4,N 4 PL,RIVER,WYTHE AVE,NA,NA,NA,NA,NA,NA,NA,NA,NA,NA,NA,NA,NA,NA,NA,NA,NA,NA,NA,NA,NA,NA,NA,NA,NA,NA,NA,NA,NA,NA,NA,NA,NA,NA,NA,NA,NA,NA,NA
122,BEDFORD AVE,BERRY,N 4,N 5,N 6,N 7,N 8,N 9,NA,NA,NA,NA,NA,NA,NA,NA,NA,NA,NA,NA,NA,NA,NA,NA,NA,NA,NA,NA,NA,NA,NA,NA,NA,NA,NA,NA,NA,NA,NA,NA,NA,NA,NA,NA,NA,NA,NA,NA
123,HAVEMEYER,METROPOLITAN AVE,N 4,N 5,N 6,N 7,ROEBLING,NA,NA,NA,NA,NA,NA,NA,NA,NA,NA,NA,NA,NA,NA,NA,NA,NA,NA,NA,NA,NA,NA,NA,NA,NA,NA,NA,NA,NA,NA,NA,NA,NA,NA,NA,NA,NA,NA,NA,NA,NA
124,DRIGGS AVE,METROPOLITAN AVE,N 4,N 5,N 6,N 7,ROEBLING,NA,NA,NA,NA,NA,NA,NA,NA,NA,NA,NA,NA,NA,NA,NA,NA,NA,NA,NA,NA,NA,NA,NA,NA,NA,NA,NA,NA,NA,NA,NA,NA,NA,NA,NA,NA,NA,NA,NA,NA,NA
125,GRAND,HAVEMEYER,HOPE,MARCY AVE,METROPOLITAN AVE,N 5,N 6,N 7,RODNEY,ROEBLING,NA,NA,NA,NA,NA,NA,NA,NA,NA,NA,NA,NA,NA,NA,NA,NA,NA,NA,NA,NA,NA,NA,NA,NA,NA,NA,NA,NA,NA,NA,NA,NA,NA,NA,NA,NA,NA,NA
126,DRIGGS AVE,FROST,HAVEMEYER,N 10,N 11,N 12,N 7,N 8,N 9,ROEBLING,UNION AVE,WITHERS,NA,NA,NA,NA,NA,NA,NA,NA,NA,NA,NA,NA,NA,NA,NA,NA,NA,NA,NA,NA,NA,NA,NA,NA,NA,NA,NA,NA,NA,NA,NA,NA,NA,NA,NA,NA
127,BEDFORD AVE,DRIGGS AVE,N 10,N 11,N 12,N 6,N 7,N 8,N 9,NA,NA,NA,NA,NA,NA,NA,NA,NA,NA,NA,NA,NA,NA,NA,NA,NA,NA,NA,NA,NA,NA,NA,NA,NA,NA,NA,NA,NA,NA,NA,NA,NA,NA,NA,NA,NA,NA,NA
128,AINSLIE,DEVOE,GRAND,HOOPER,HOPE,KEAP,LORIMER,MAUJER,METROPOLITAN AVE,RODNEY,S 1,S 2,UNION AVE,NA,NA,NA,NA,NA,NA,NA,NA,NA,NA,NA,NA,NA,NA,NA,NA,NA,NA,NA,NA,NA,NA,NA,NA,NA,NA,NA,NA,NA,NA,NA,NA,NA,NA,NA
129,AINSLIE,DEVOE,GRAND,LEONARD,LORIMER,MAUJER,POWERS,TENEYCK,UNION AVE,NA,NA,NA,NA,NA,NA,NA,NA,NA,NA,NA,NA,NA,NA,NA,NA,NA,NA,NA,NA,NA,NA,NA,NA,NA,NA,NA,NA,NA,NA,NA,NA,NA,NA,NA,NA,NA,NA,NA
130,AINSLIE,GRAHAM AVE,GRAND,LEONARD,LORIMER,MANHATTAN AVE,MAUJER,POWERS,TEN EYCK WALK,NA,NA,NA,NA,NA,NA,NA,NA,NA,NA,NA,NA,NA,NA,NA,NA,NA,NA,NA,NA,NA,NA,NA,NA,NA,NA,NA,NA,NA,NA,NA,NA,NA,NA,NA,NA,NA,NA,NA
131,AINSLIE,BUSHWICK AVE,DEVOE,GRAHAM AVE,GRAND,HUMBOLDT,MAUJER,POWERS,TEN EYCK WALK,NA,NA,NA,NA,NA,NA,NA,NA,NA,NA,NA,NA,NA,NA,NA,NA,NA,NA,NA,NA,NA,NA,NA,NA,NA,NA,NA,NA,NA,NA,NA,NA,NA,NA,NA,NA,NA,NA,NA
132,AINSLIE,BUSHWICK AVE,CONSELYEA,DEVOE,GRAHAM AVE,HUMBOLDT,LEONARD,LORIMER,MANHATTAN AVE,METROPOLITAN AVE,NA,NA,NA,NA,NA,NA,NA,NA,NA,NA,NA,NA,NA,NA,NA,NA,NA,NA,NA,NA,NA,NA,NA,NA,NA,NA,NA,NA,NA,NA,NA,NA,NA,NA,NA,NA,NA,NA
133,FROST,GRAHAM AVE,HEBERT,HUMBOLDT,JACKSON,LEONARD,MANHATTAN AVE,RICHARDSON,WITHERS,NA,NA,NA,NA,NA,NA,NA,NA,NA,NA,NA,NA,NA,NA,NA,NA,NA,NA,NA,NA,NA,NA,NA,NA,NA,NA,NA,NA,NA,NA,NA,NA,NA,NA,NA,NA,NA,NA,NA
134,CONSELYEA,GRAHAM AVE,HUMBOLDT,JACKSON,LEONARD,MANHATTAN AVE,SKILLMAN AVE,NA,NA,NA,NA,NA,NA,NA,NA,NA,NA,NA,NA,NA,NA,NA,NA,NA,NA,NA,NA,NA,NA,NA,NA,NA,NA,NA,NA,NA,NA,NA,NA,NA,NA,NA,NA,NA,NA,NA,NA,NA
135,BAYARD,DRIGGS AVE,FROST,JACKSON,LEONARD,LORIMER,RICHARDSON,UNION AVE,WITHERS,NA,NA,NA,NA,NA,NA,NA,NA,NA,NA,NA,NA,NA,NA,NA,NA,NA,NA,NA,NA,NA,NA,NA,NA,NA,NA,NA,NA,NA,NA,NA,NA,NA,NA,NA,NA,NA,NA,NA
136,CONSELYEA,JACKSON,LEONARD,LORIMER,METROPOLITAN AVE,SKILLMAN AVE,UNION AVE,NA,NA,NA,NA,NA,NA,NA,NA,NA,NA,NA,NA,NA,NA,NA,NA,NA,NA,NA,NA,NA,NA,NA,NA,NA,NA,NA,NA,NA,NA,NA,NA,NA,NA,NA,NA,NA,NA,NA,NA,NA
137,BROADWAY,HOOPER,KEAP,RODNEY,S 3,S 4,S 5,S 9,NA,NA,NA,NA,NA,NA,NA,NA,NA,NA,NA,NA,NA,NA,NA,NA,NA,NA,NA,NA,NA,NA,NA,NA,NA,NA,NA,NA,NA,NA,NA,NA,NA,NA,NA,NA,NA,NA,NA,NA
138,HEWES,HOOPER,KEAP,S 2,S 3,S 4,STAGG,UNION AVE,NA,NA,NA,NA,NA,NA,NA,NA,NA,NA,NA,NA,NA,NA,NA,NA,NA,NA,NA,NA,NA,NA,NA,NA,NA,NA,NA,NA,NA,NA,NA,NA,NA,NA,NA,NA,NA,NA,NA,NA
139,BOERUM,BROADWAY,HEWES,JOHNSON AVE,LORIMER,MONTROSE AVE,S 5,THROOP AVE,UNION AVE,NA,NA,NA,NA,NA,NA,NA,NA,NA,NA,NA,NA,NA,NA,NA,NA,NA,NA,NA,NA,NA,NA,NA,NA,NA,NA,NA,NA,NA,NA,NA,NA,NA,NA,NA,NA,NA,NA,NA
140,BROADWAY,HEWES,HOOPER,LORIMER,MESEROLE,MONTROSE AVE,S 4,S 5,SCHOLES,UNION AVE,NA,NA,NA,NA,NA,NA,NA,NA,NA,NA,NA,NA,NA,NA,NA,NA,NA,NA,NA,NA,NA,NA,NA,NA,NA,NA,NA,NA,NA,NA,NA,NA,NA,NA,NA,NA,NA,NA
141,LEONARD,LORIMER,SCHOLES,STAGG,TENEYCK,UNION AVE,NA,NA,NA,NA,NA,NA,NA,NA,NA,NA,NA,NA,NA,NA,NA,NA,NA,NA,NA,NA,NA,NA,NA,NA,NA,NA,NA,NA,NA,NA,NA,NA,NA,NA,NA,NA,NA,NA,NA,NA,NA,NA
142,BOERUM,LEONARD,LORIMER,MESEROLE,MONTROSE AVE,SCHOLES,NA,NA,NA,NA,NA,NA,NA,NA,NA,NA,NA,NA,NA,NA,NA,NA,NA,NA,NA,NA,NA,NA,NA,NA,NA,NA,NA,NA,NA,NA,NA,NA,NA,NA,NA,NA,NA,NA,NA,NA,NA,NA
143,GRAHAM AVE,LEONARD,MANHATTAN AVE,SCHOLES,STAGG WALK,TEN EYCK WALK,NA,NA,NA,NA,NA,NA,NA,NA,NA,NA,NA,NA,NA,NA,NA,NA,NA,NA,NA,NA,NA,NA,NA,NA,NA,NA,NA,NA,NA,NA,NA,NA,NA,NA,NA,NA,NA,NA,NA,NA,NA,NA
144,GRAHAM AVE,LEONARD,MANHATTAN AVE,MESEROLE,MONTROSE AVE,SCHOLES,NA,NA,NA,NA,NA,NA,NA,NA,NA,NA,NA,NA,NA,NA,NA,NA,NA,NA,NA,NA,NA,NA,NA,NA,NA,NA,NA,NA,NA,NA,NA,NA,NA,NA,NA,NA,NA,NA,NA,NA,NA,NA
145,BUSHWICK AVE,GRAHAM AVE,HUMBOLDT,MESEROLE,MONTROSE AVE,SCHOLES,STAGG WALK,TEN EYCK WALK,NA,NA,NA,NA,NA,NA,NA,NA,NA,NA,NA,NA,NA,NA,NA,NA,NA,NA,NA,NA,NA,NA,NA,NA,NA,NA,NA,NA,NA,NA,NA,NA,NA,NA,NA,NA,NA,NA,NA,NA
146,BUSHWICK AVE,BUSHWICK PL,HUMBOLDT,MESEROLE,MONTROSE AVE,SCHOLES,STAGG WALK,NA,NA,NA,NA,NA,NA,NA,NA,NA,NA,NA,NA,NA,NA,NA,NA,NA,NA,NA,NA,NA,NA,NA,NA,NA,NA,NA,NA,NA,NA,NA,NA,NA,NA,NA,NA,NA,NA,NA,NA,NA
147,BOERUM,BUSHWICK AVE,GRAHAM AVE,HUMBOLDT,JOHNSON AVE,MONTROSE AVE,NA,NA,NA,NA,NA,NA,NA,NA,NA,NA,NA,NA,NA,NA,NA,NA,NA,NA,NA,NA,NA,NA,NA,NA,NA,NA,NA,NA,NA,NA,NA,NA,NA,NA,NA,NA,NA,NA,NA,NA,NA,NA
148,BOERUM,BUSHWICK AVE,BUSHWICK PL,GRAHAM AVE,HUMBOLDT,JOHNSON AVE,MC KIBBIN,MONTROSE AVE,SEIGEL,NA,NA,NA,NA,NA,NA,NA,NA,NA,NA,NA,NA,NA,NA,NA,NA,NA,NA,NA,NA,NA,NA,NA,NA,NA,NA,NA,NA,NA,NA,NA,NA,NA,NA,NA,NA,NA,NA,NA
149,BOERUM,BROADWAY,GRAHAM AVE,LEONARD,LORIMER,MANHATTAN AVE,MC KIBBIN,SEIGEL,NA,NA,NA,NA,NA,NA,NA,NA,NA,NA,NA,NA,NA,NA,NA,NA,NA,NA,NA,NA,NA,NA,NA,NA,NA,NA,NA,NA,NA,NA,NA,NA,NA,NA,NA,NA,NA,NA,NA,NA
150,BOERUM,GRAHAM AVE,JOHNSON AVE,LEONARD,MANHATTAN AVE,MC KIBBIN,MONTROSE AVE,NA,NA,NA,NA,NA,NA,NA,NA,NA,NA,NA,NA,NA,NA,NA,NA,NA,NA,NA,NA,NA,NA,NA,NA,NA,NA,NA,NA,NA,NA,NA,NA,NA,NA,NA,NA,NA,NA,NA,NA,NA
151,BROADWAY,COOK,DEBEVOISE,GRAHAM AVE,LEONARD,MANHATTAN AVE,MOORE,VARET,NA,NA,NA,NA,NA,NA,NA,NA,NA,NA,NA,NA,NA,NA,NA,NA,NA,NA,NA,NA,NA,NA,NA,NA,NA,NA,NA,NA,NA,NA,NA,NA,NA,NA,NA,NA,NA,NA,NA,NA
152,COOK,GRAHAM AVE,HUMBOLDT,MANHATTAN AVE,MOORE,SEIGEL,VARET,NA,NA,NA,NA,NA,NA,NA,NA,NA,NA,NA,NA,NA,NA,NA,NA,NA,NA,NA,NA,NA,NA,NA,NA,NA,NA,NA,NA,NA,NA,NA,NA,NA,NA,NA,NA,NA,NA,NA,NA,NA
153,BUSHWICK AVE,COOK,HUMBOLDT,MOORE,SEIGEL,NA,NA,NA,NA,NA,NA,NA,NA,NA,NA,NA,NA,NA,NA,NA,NA,NA,NA,NA,NA,NA,NA,NA,NA,NA,NA,NA,NA,NA,NA,NA,NA,NA,NA,NA,NA,NA,NA,NA,NA,NA,NA,NA
154,BROADWAY,BUSHWICK AVE,COOK,DEBEVOISE,FLUSHING AVE,GRAHAM AVE,HUMBOLDT,NA,NA,NA,NA,NA,NA,NA,NA,NA,NA,NA,NA,NA,NA,NA,NA,NA,NA,NA,NA,NA,NA,NA,NA,NA,NA,NA,NA,NA,NA,NA,NA,NA,NA,NA,NA,NA,NA,NA,NA,NA
155,BOX,CLAY,COMMERCIAL,DUPONT,EAGLE,FRANKLIN,MANHATTAN AVE,OAKLAND,NA,NA,NA,NA,NA,NA,NA,NA,NA,NA,NA,NA,NA,NA,NA,NA,NA,NA,NA,NA,NA,NA,NA,NA,NA,NA,NA,NA,NA,NA,NA,NA,NA,NA,NA,NA,NA,NA,NA,NA
156,ASH,BOX,CLAY,DUPONT,EAGLE,MANHATTAN AVE,OAKLAND,PAIDGE AVE,PROVOST,NA,NA,NA,NA,NA,NA,NA,NA,NA,NA,NA,NA,NA,NA,NA,NA,NA,NA,NA,NA,NA,NA,NA,NA,NA,NA,NA,NA,NA,NA,NA,NA,NA,NA,NA,NA,NA,NA,NA
157,EAGLE,FREEMAN,GREEN,KINGLAND AVE,MANHATTAN AVE,N HENRY,OAKLAND,PAIDGE AVE,PROVOST,NA,NA,NA,NA,NA,NA,NA,NA,NA,NA,NA,NA,NA,NA,NA,NA,NA,NA,NA,NA,NA,NA,NA,NA,NA,NA,NA,NA,NA,NA,NA,NA,NA,NA,NA,NA,NA,NA,NA
158,GREEN,GREENPOINT AVE,HURON,INDIA,JAVA,KINGLAND AVE,MANHATTAN AVE,N HENRY,OAKLAND,PROVOST,NA,NA,NA,NA,NA,NA,NA,NA,NA,NA,NA,NA,NA,NA,NA,NA,NA,NA,NA,NA,NA,NA,NA,NA,NA,NA,NA,NA,NA,NA,NA,NA,NA,NA,NA,NA,NA,NA
159,GREENPOINT AVE,JAVA,KENT,MANHATTAN AVE,N HENRY,OAKLAND,PROVOST,NA,NA,NA,NA,NA,NA,NA,NA,NA,NA,NA,NA,NA,NA,NA,NA,NA,NA,NA,NA,NA,NA,NA,NA,NA,NA,NA,NA,NA,NA,NA,NA,NA,NA,NA,NA,NA,NA,NA,NA,NA
160,CALYER,DIAMOND,ECKFORD,GREENPOINT AVE,HUMBOLDT,JEWELL,KINGLAND AVE,LEONARD,MANHATTAN AVE,MESEROLE AVE,MONITOR,MOULTRIE,N HENRY,NEWELL,OAKLAND,RUSSELL,NA,NA,NA,NA,NA,NA,NA,NA,NA,NA,NA,NA,NA,NA,NA,NA,NA,NA,NA,NA,NA,NA,NA,NA,NA,NA,NA,NA,NA,NA,NA,NA
161,DIAMOND,ECKFORD,HUMBOLDT,JEWELL,KINGLAND AVE,LEONARD,MANHATTAN AVE,MESEROLE AVE,MONITOR,MOULTRIE,N HENRY,NEWELL,NORMAN,OAKLAND,RUSSELL,NA,NA,NA,NA,NA,NA,NA,NA,NA,NA,NA,NA,NA,NA,NA,NA,NA,NA,NA,NA,NA,NA,NA,NA,NA,NA,NA,NA,NA,NA,NA,NA,NA
162,APOLLO,BRIDGEWATR,DIAMOND,ECKFORD,HAUSMAN,HUMBOLDT,JEWELL,KINGLAND AVE,LEONARD,MANHATTAN AVE,MEEKER AVE,MONITOR,MORGAN AVE,N HENRY,NASSAU AVE,NEWELL,NORMAN,OAKLAND,RUSSELL,SUTTON,VAN DAM,VARICK,NA,NA,NA,NA,NA,NA,NA,NA,NA,NA,NA,NA,NA,NA,NA,NA,NA,NA,NA,NA,NA,NA,NA,NA,NA,NA
163,EAGLE,FRANKLIN,FREEMAN,GREEN,MANHATTAN AVE,WEST,NA,NA,NA,NA,NA,NA,NA,NA,NA,NA,NA,NA,NA,NA,NA,NA,NA,NA,NA,NA,NA,NA,NA,NA,NA,NA,NA,NA,NA,NA,NA,NA,NA,NA,NA,NA,NA,NA,NA,NA,NA,NA
164,FRANKLIN,GREEN,HURON,INDIA,MANHATTAN AVE,WEST,NA,NA,NA,NA,NA,NA,NA,NA,NA,NA,NA,NA,NA,NA,NA,NA,NA,NA,NA,NA,NA,NA,NA,NA,NA,NA,NA,NA,NA,NA,NA,NA,NA,NA,NA,NA,NA,NA,NA,NA,NA,NA
165,FRANKLIN,INDIA,JAVA,KENT,MANHATTAN AVE,WEST,NA,NA,NA,NA,NA,NA,NA,NA,NA,NA,NA,NA,NA,NA,NA,NA,NA,NA,NA,NA,NA,NA,NA,NA,NA,NA,NA,NA,NA,NA,NA,NA,NA,NA,NA,NA,NA,NA,NA,NA,NA,NA
166,FRANKLIN,GREENPOINT AVE,KENT,MANHATTAN AVE,MILTON,NOBLE,WEST,NA,NA,NA,NA,NA,NA,NA,NA,NA,NA,NA,NA,NA,NA,NA,NA,NA,NA,NA,NA,NA,NA,NA,NA,NA,NA,NA,NA,NA,NA,NA,NA,NA,NA,NA,NA,NA,NA,NA,NA,NA
167,CALYER,FRANKLIN,GUERNSEY,LORIMER,MANHATTAN AVE,NOBLE,OAK,WEST,NA,NA,NA,NA,NA,NA,NA,NA,NA,NA,NA,NA,NA,NA,NA,NA,NA,NA,NA,NA,NA,NA,NA,NA,NA,NA,NA,NA,NA,NA,NA,NA,NA,NA,NA,NA,NA,NA,NA,NA
168,BANKER,BEDFORD AVE,CALYER,CLIFFORD PL,DOBBIN,DRIGGS AVE,FRANKLIN,GEM,GUERNSEY,LORIMER,MANHATTAN AVE,MESEROLE AVE,N 14,N 15,NASSAU AVE,NORMAN,QUAY,WEST,WYTHE AVE,NA,NA,NA,NA,NA,NA,NA,NA,NA,NA,NA,NA,NA,NA,NA,NA,NA,NA,NA,NA,NA,NA,NA,NA,NA,NA,NA,NA,NA
169,APOLLO,DIAMOND,DRIGGS AVE,ECKFORD,HAUSMAN,HUMBOLDT,KINGLAND AVE,LEONARD,MANHATTAN AVE,MEEKER AVE,MONITOR,MORGAN AVE,NASSAU AVE,NEWELL,OAKLAND,RUSSELL,SUTTON,VAN DAM,VARICK,NA,NA,NA,NA,NA,NA,NA,NA,NA,NA,NA,NA,NA,NA,NA,NA,NA,NA,NA,NA,NA,NA,NA,NA,NA,NA,NA,NA,NA
170,BAYARD,BROOME,DRIGGS AVE,ECKFORD,ENGERT AVE,GRAHAM AVE,HUMBOLDT,KINGLAND AVE,LEONARD,MANHATTAN AVE,MEEKER AVE,MONITOR,MORGAN AVE,N HENRY,NEWTON,RICHARDSON,RUSSELL,SUTTON,NA,NA,NA,NA,NA,NA,NA,NA,NA,NA,NA,NA,NA,NA,NA,NA,NA,NA,NA,NA,NA,NA,NA,NA,NA,NA,NA,NA,NA,NA
171,ANTHONY,BEADEL,CHERRY,DEBEVOISE AVE,DIVISION PL,FROST,GARDNER AVE,GRAHAM AVE,HEBERT,HUMBOLDT,KINGLAND AVE,LOMBARDY,MANHATTAN AVE,MEEKER AVE,MONITOR,MORGAN AVE,N HENRY,PORTER AVE,RICHARDSON,SCOTT AVE,STEWART AVE,THOMAS,TOWNSEND,VANDERVORT AVE,VARICK AVE,NA,NA,NA,NA,NA,NA,NA,NA,NA,NA,NA,NA,NA,NA,NA,NA,NA,NA,NA,NA,NA,NA,NA
172,DEBEVOISE AVE,FROST,HUMBOLDT,JACKSON,KINGLAND AVE,MASPETH AVE,MORGAN AVE,OLD WOOD POINT RD,SKILLMAN AVE,VANDERVORT AVE,WITHERS,NA,NA,NA,NA,NA,NA,NA,NA,NA,NA,NA,NA,NA,NA,NA,NA,NA,NA,NA,NA,NA,NA,NA,NA,NA,NA,NA,NA,NA,NA,NA,NA,NA,NA,NA,NA,NA
173,BUSHWICK AVE,CATHERINE,DEVOE,GRAND,HUMBOLDT,JUDGE,MASPETH AVE,METROPOLITAN AVE,METROPOLITAN AVE BRG,MORGAN AVE,OLIVE,ORIENT AVE,POWERS,SHARON,VANDERVORT AVE,NA,NA,NA,NA,NA,NA,NA,NA,NA,NA,NA,NA,NA,NA,NA,NA,NA,NA,NA,NA,NA,NA,NA,NA,NA,NA,NA,NA,NA,NA,NA,NA,NA
174,BOERUM,BOGART,BUSHWICK AVE,BUSHWICK PL,COOK,EVERGREEN AVE,FLUSHING AVE,GARDNER AVE,GRAND,GRATTAN,HARRISON PL,INGRAHAM,IRVING AVE,JOHNSON AVE,MAUJER,MC KIBBIN,MEADOW,MESEROLE,METROPOLITAN AVE,METROPOLITAN AVE BRG,MOORE,MORGAN AVE,PORTER AVE,RANDOLPH,ROCK,SCHOLES,SCOTT AVE,SEIGEL,SENECA AVE,STAGG,STEWART AVE,TENEYCK,THAMES,VARET,VARICK AVE,WATERBURY,WHITE,NA,NA,NA,NA,NA,NA,NA,NA,NA,NA,NA
175,CENTRAL AVE,CYPRESS AVE,EVERGREEN AVE,FLUSHING AVE,FORREST,GEORGE,GRATTAN,IRVING AVE,JEFFERSON,KNICKERBOCKER AVE,MELROSE,NOLL,SAINT NICHOLASS AVE,SCOTT AVE,TROUTMAN,WILSON AVE,WYCKOFF AVE,NA,NA,NA,NA,NA,NA,NA,NA,NA,NA,NA,NA,NA,NA,NA,NA,NA,NA,NA,NA,NA,NA,NA,NA,NA,NA,NA,NA,NA,NA,NA
176,ARION PL,BEAVER,BELVIDERE,BROADWAY,BUSHWICK AVE,ELLERY,EVERGREEN AVE,FAYETTE,FLUSHING AVE,FORREST,GARDEN,JEFFERSON,LOCUST,MELROSE,MONTIETH,MYRTLE AVE,NOLL,PARK,STANWIX,SUMNER PL,TROUTMAN,NA,NA,NA,NA,NA,NA,NA,NA,NA,NA,NA,NA,NA,NA,NA,NA,NA,NA,NA,NA,NA,NA,NA,NA,NA,NA,NA
177,BROADWAY,BUSHWICK AVE,CEDAR,CENTRAL AVE,CYPRESS AVE,DE KALB AVE,EVERGREEN AVE,HART,IRVING AVE,KNICKERBOCKER AVE,KOSCIUSZKO,MYRTLE AVE,SAINT NICHOLASS AVE,STANHOPE,STOCKHOLM,SUYDAM,WILSON AVE,WYCKOFF AVE,NA,NA,NA,NA,NA,NA,NA,NA,NA,NA,NA,NA,NA,NA,NA,NA,NA,NA,NA,NA,NA,NA,NA,NA,NA,NA,NA,NA,NA,NA
178,BROADWAY,BUSHWICK AVE,CENTRAL AVE,CHARLES PL,CYPRESS AVE,DITMARS AVE,EVERGREEN AVE,IRVING AVE,KNICKERBOCKER AVE,MYRTLE AVE,SAINT NICHOLASS AVE,STARR,SUYDAM,TROUTMAN,WILLOUGHBY AVE,WILSON AVE,WYCKOFF AVE,NA,NA,NA,NA,NA,NA,NA,NA,NA,NA,NA,NA,NA,NA,NA,NA,NA,NA,NA,NA,NA,NA,NA,NA,NA,NA,NA,NA,NA,NA,NA
179,ABERDEEN,BROADWAY,BUSHWICK AVE,CENTRAL AVE,CHAUNCEY,CONWAY,COOPER,CORNELIA,COVERT,DE SALES PL,DECATUR,E MARGINAL,EAST PKWY,ELDERT,EVERGREEN AVE,FANCHON PL,FURMAN AVE,GRANITE,HALSEY,HANCOCK,HIGHLAND BLVD,IRVING AVE,JEFFERSON AVE,KNICKERBOCKER AVE,MADISON,MOFFAT,PILLING,PUTNAM AVE,SCHAEFER,STEWART,VANDERVEER,W MARGINAL,WEIRFIELD,WILSON AVE,NA,NA,NA,NA,NA,NA,NA,NA,NA,NA,NA,NA,NA,NA
180,BLEECKER,BROADWAY,BUSHWICK AVE,CENTRAL AVE,EVERGREEN AVE,GATES AVE,GOODWIN PL,GREENE AVE,GROVE,HARMAN,HIMROD,HOWARD AVE,IRVING AVE,KNICKERBOCKER AVE,KOSCIUSZKO,KOSSUTH PL,LAFAYETTE AVE,LINDEN,MADISON,MENAHAN,MONROE,MYRTLE AVE,PALMETTO,SAINT NICHOLASS AVE,STANHOPE,STOCKHOLM,VAN BUREN,WILSON AVE,WOODBINE,WYCKOFF AVE,NA,NA,NA,NA,NA,NA,NA,NA,NA,NA,NA,NA,NA,NA,NA,NA,NA,NA
181,BARTLETT,BROADWAY,FLUSHING AVE,GERRY,HARRISON AVE,MARCY AVE,THORNTON,THROOP AVE,WALLABOUT,WHIPPLE,NA,NA,NA,NA,NA,NA,NA,NA,NA,NA,NA,NA,NA,NA,NA,NA,NA,NA,NA,NA,NA,NA,NA,NA,NA,NA,NA,NA,NA,NA,NA,NA,NA,NA,NA,NA,NA,NA
182,BEDFORD AVE,BROADWAY,FLUSHING AVE,HARRISON AVE,LEE AVE,LORIMER,MARCY AVE,MIDDLETON,THROOP AVE,WALLABOUT,WALTON,NA,NA,NA,NA,NA,NA,NA,NA,NA,NA,NA,NA,NA,NA,NA,NA,NA,NA,NA,NA,NA,NA,NA,NA,NA,NA,NA,NA,NA,NA,NA,NA,NA,NA,NA,NA,NA
183,BEDFORD AVE,BROADWAY,FLUSHING AVE,FRANKLIN AVE,HARRISON AVE,HEYWARD,LEE AVE,LYNCH,MARCY AVE,MIDDLETON,RUTLEDGE AVE,THROOP AVE,WALLABOUT,WYTHE AVE,NA,NA,NA,NA,NA,NA,NA,NA,NA,NA,NA,NA,NA,NA,NA,NA,NA,NA,NA,NA,NA,NA,NA,NA,NA,NA,NA,NA,NA,NA,NA,NA,NA,NA
184,BEDFORD AVE,BROADWAY,HARRISON AVE,HEWES,LEE AVE,MARCY AVE,PENN,RUTLEDGE AVE,WYTHE AVE,NA,NA,NA,NA,NA,NA,NA,NA,NA,NA,NA,NA,NA,NA,NA,NA,NA,NA,NA,NA,NA,NA,NA,NA,NA,NA,NA,NA,NA,NA,NA,NA,NA,NA,NA,NA,NA,NA,NA
185,BEDFORD AVE,BROADWAY,DIVISION AVE,HARRISON AVE,HEWES,HOOPER,KEAP,LEE AVE,MARCY AVE,PENN,NA,NA,NA,NA,NA,NA,NA,NA,NA,NA,NA,NA,NA,NA,NA,NA,NA,NA,NA,NA,NA,NA,NA,NA,NA,NA,NA,NA,NA,NA,NA,NA,NA,NA,NA,NA,NA,NA
186,BEDFORD AVE,BROADWAY,DIVISION AVE,KEAP,LEE AVE,MARCY AVE,RODNEY,ROSS,S 9,NA,NA,NA,NA,NA,NA,NA,NA,NA,NA,NA,NA,NA,NA,NA,NA,NA,NA,NA,NA,NA,NA,NA,NA,NA,NA,NA,NA,NA,NA,NA,NA,NA,NA,NA,NA,NA,NA,NA
187,BEDFORD AVE,DIVISION AVE,DRIGGS AVE,HAVEMEYER,LEE AVE,MARCY AVE,ROEBLING,ROSS,S 9,TAYLOR,WILSON,NA,NA,NA,NA,NA,NA,NA,NA,NA,NA,NA,NA,NA,NA,NA,NA,NA,NA,NA,NA,NA,NA,NA,NA,NA,NA,NA,NA,NA,NA,NA,NA,NA,NA,NA,NA,NA
188,BEDFORD AVE,BERRY,CLYMER,DIVISION AVE,LEE AVE,MORTON,RUSH,S 11,TAYLOR,WYTHE AVE,NA,NA,NA,NA,NA,NA,NA,NA,NA,NA,NA,NA,NA,NA,NA,NA,NA,NA,NA,NA,NA,NA,NA,NA,NA,NA,NA,NA,NA,NA,NA,NA,NA,NA,NA,NA,NA,NA
189,BEDFORD AVE,HEWES,HOOPER,KEAP,RODNEY,ROSS,WILSON,WYTHE AVE,NA,NA,NA,NA,NA,NA,NA,NA,NA,NA,NA,NA,NA,NA,NA,NA,NA,NA,NA,NA,NA,NA,NA,NA,NA,NA,NA,NA,NA,NA,NA,NA,NA,NA,NA,NA,NA,NA,NA,NA
190,FLUSHING AVE,FRANKLIN AVE,HEWES,HEYWARD,HOOPER,KEAP,KENT AVE,PENN,RODNEY,ROSS,RUTLEDGE AVE,TAYLOR,WALLABOUT,WASHINGTON AVE,WILSON,WYTHE AVE,NA,NA,NA,NA,NA,NA,NA,NA,NA,NA,NA,NA,NA,NA,NA,NA,NA,NA,NA,NA,NA,NA,NA,NA,NA,NA,NA,NA,NA,NA,NA,NA
191,BEDFORD AVE,CLYMER,DIVISION AVE,KENT AVE,MORTON,RUSH,TAYLOR,WILSON,WYTHE AVE,NA,NA,NA,NA,NA,NA,NA,NA,NA,NA,NA,NA,NA,NA,NA,NA,NA,NA,NA,NA,NA,NA,NA,NA,NA,NA,NA,NA,NA,NA,NA,NA,NA,NA,NA,NA,NA,NA,NA
192,CUMBERLAND,FLUSHING AVE,MYRTLE AVE,N OXFORD,N PORTLAND AVE,PARK AVE,NA,NA,NA,NA,NA,NA,NA,NA,NA,NA,NA,NA,NA,NA,NA,NA,NA,NA,NA,NA,NA,NA,NA,NA,NA,NA,NA,NA,NA,NA,NA,NA,NA,NA,NA,NA,NA,NA,NA,NA,NA,NA
193,CARLTON AVE,CUMBERLAND,FLUSHING AVE,PARK AVE,WASHINGTON PARK,WILLOUGHBY AVE,NA,NA,NA,NA,NA,NA,NA,NA,NA,NA,NA,NA,NA,NA,NA,NA,NA,NA,NA,NA,NA,NA,NA,NA,NA,NA,NA,NA,NA,NA,NA,NA,NA,NA,NA,NA,NA,NA,NA,NA,NA,NA
194,ADELPHI,CARLTON AVE,FLUSHING AVE,MYRTLE AVE,PARK AVE,WILLOUGHBY AVE,NA,NA,NA,NA,NA,NA,NA,NA,NA,NA,NA,NA,NA,NA,NA,NA,NA,NA,NA,NA,NA,NA,NA,NA,NA,NA,NA,NA,NA,NA,NA,NA,NA,NA,NA,NA,NA,NA,NA,NA,NA,NA
195,ADELPHI,CLERMONT AVE,FLUSHING AVE,MYRTLE AVE,PARK AVE,WILLOUGHBY AVE,NA,NA,NA,NA,NA,NA,NA,NA,NA,NA,NA,NA,NA,NA,NA,NA,NA,NA,NA,NA,NA,NA,NA,NA,NA,NA,NA,NA,NA,NA,NA,NA,NA,NA,NA,NA,NA,NA,NA,NA,NA,NA
196,CLERMONT AVE,FLUSHING AVE,MYRTLE AVE,PARK AVE,VANDERBILT AVE,NA,NA,NA,NA,NA,NA,NA,NA,NA,NA,NA,NA,NA,NA,NA,NA,NA,NA,NA,NA,NA,NA,NA,NA,NA,NA,NA,NA,NA,NA,NA,NA,NA,NA,NA,NA,NA,NA,NA,NA,NA,NA,NA
197,CLINTON AVE,FLUSHING AVE,MYRTLE AVE,PARK AVE,VANDERBILT AVE,WASHINGTON AVE,WAVERLY AVE,NA,NA,NA,NA,NA,NA,NA,NA,NA,NA,NA,NA,NA,NA,NA,NA,NA,NA,NA,NA,NA,NA,NA,NA,NA,NA,NA,NA,NA,NA,NA,NA,NA,NA,NA,NA,NA,NA,NA,NA,NA
198,CLERMONT AVE,CLINTON AVE,DE KALB AVE,MYRTLE AVE,VANDERBILT AVE,WASHINGTON AVE,WAVERLY AVE,WILLOUGHBY AVE,NA,NA,NA,NA,NA,NA,NA,NA,NA,NA,NA,NA,NA,NA,NA,NA,NA,NA,NA,NA,NA,NA,NA,NA,NA,NA,NA,NA,NA,NA,NA,NA,NA,NA,NA,NA,NA,NA,NA,NA
199,ADELPHI,CARLTON AVE,CLERMONT AVE,DE KALB AVE,WASHINGTON PARK,WILLOUGHBY AVE,NA,NA,NA,NA,NA,NA,NA,NA,NA,NA,NA,NA,NA,NA,NA,NA,NA,NA,NA,NA,NA,NA,NA,NA,NA,NA,NA,NA,NA,NA,NA,NA,NA,NA,NA,NA,NA,NA,NA,NA,NA,NA
200,ADELPHI,CARLTON AVE,CLERMONT AVE,CLINTON AVE,CUMBERLAND,DE KALB AVE,LAFAYETTE AVE,VANDERBILT AVE,WASHINGTON AVE,WAVERLY AVE,NA,NA,NA,NA,NA,NA,NA,NA,NA,NA,NA,NA,NA,NA,NA,NA,NA,NA,NA,NA,NA,NA,NA,NA,NA,NA,NA,NA,NA,NA,NA,NA,NA,NA,NA,NA,NA,NA
201,CUMBERLAND,DE KALB AVE,FULTON,HANSON PL,LAFAYETTE AVE,S OXFORD,S PORTLAND AVE,NA,NA,NA,NA,NA,NA,NA,NA,NA,NA,NA,NA,NA,NA,NA,NA,NA,NA,NA,NA,NA,NA,NA,NA,NA,NA,NA,NA,NA,NA,NA,NA,NA,NA,NA,NA,NA,NA,NA,NA,NA
202,CARLTON AVE,CUMBERLAND,FULTON,GREENE AVE,HANSON PL,LAFAYETTE AVE,S OXFORD,NA,NA,NA,NA,NA,NA,NA,NA,NA,NA,NA,NA,NA,NA,NA,NA,NA,NA,NA,NA,NA,NA,NA,NA,NA,NA,NA,NA,NA,NA,NA,NA,NA,NA,NA,NA,NA,NA,NA,NA,NA
203,ADELPHI,CARLTON AVE,CLERMONT AVE,CUMBERLAND,FULTON,GREENE AVE,LAFAYETTE AVE,NA,NA,NA,NA,NA,NA,NA,NA,NA,NA,NA,NA,NA,NA,NA,NA,NA,NA,NA,NA,NA,NA,NA,NA,NA,NA,NA,NA,NA,NA,NA,NA,NA,NA,NA,NA,NA,NA,NA,NA,NA
204,ADELPHI,CLERMONT AVE,CLINTON AVE,FULTON,GATES AVE,VANDERBILT AVE,WASHINGTON AVE,WAVERLY AVE,NA,NA,NA,NA,NA,NA,NA,NA,NA,NA,NA,NA,NA,NA,NA,NA,NA,NA,NA,NA,NA,NA,NA,NA,NA,NA,NA,NA,NA,NA,NA,NA,NA,NA,NA,NA,NA,NA,NA,NA
205,CLERMONT AVE,CLINTON AVE,FULTON,GATES AVE,GREENE AVE,LAFAYETTE AVE,VANDERBILT AVE,WASHINGTON AVE,WAVERLY AVE,NA,NA,NA,NA,NA,NA,NA,NA,NA,NA,NA,NA,NA,NA,NA,NA,NA,NA,NA,NA,NA,NA,NA,NA,NA,NA,NA,NA,NA,NA,NA,NA,NA,NA,NA,NA,NA,NA,NA
206,BROADWAY,DE KALB AVE,GARVEY BLVD,HART,LEWIS AVE,MALCOLM X BLVD,MYRTLE AVE,PULASKI,STOCKTON,STUYVESANT AVE,VERNON AVE,WILLOUGHBY AVE,NA,NA,NA,NA,NA,NA,NA,NA,NA,NA,NA,NA,NA,NA,NA,NA,NA,NA,NA,NA,NA,NA,NA,NA,NA,NA,NA,NA,NA,NA,NA,NA,NA,NA,NA,NA
207,BROADWAY,DE KALB AVE,GARVEY BLVD,KOSCIUSZKO,KOSSUTH PL,LAFAYETTE AVE,LEWIS AVE,MALCOLM X BLVD,PATCHEN AVE,STUYVESANT AVE,NA,NA,NA,NA,NA,NA,NA,NA,NA,NA,NA,NA,NA,NA,NA,NA,NA,NA,NA,NA,NA,NA,NA,NA,NA,NA,NA,NA,NA,NA,NA,NA,NA,NA,NA,NA,NA,NA
208,GARVEY BLVD,LEWIS AVE,MYRTLE AVE,THROOP AVE,TOMPKINS AVE,VERNON AVE,WILLOUGHBY AVE,NA,NA,NA,NA,NA,NA,NA,NA,NA,NA,NA,NA,NA,NA,NA,NA,NA,NA,NA,NA,NA,NA,NA,NA,NA,NA,NA,NA,NA,NA,NA,NA,NA,NA,NA,NA,NA,NA,NA,NA,NA
209,DE KALB AVE,GARVEY BLVD,HART,KOSCIUSZKO,LAFAYETTE AVE,LEWIS AVE,PULASKI,THROOP AVE,TOMPKINS AVE,WILLOUGHBY AVE,NA,NA,NA,NA,NA,NA,NA,NA,NA,NA,NA,NA,NA,NA,NA,NA,NA,NA,NA,NA,NA,NA,NA,NA,NA,NA,NA,NA,NA,NA,NA,NA,NA,NA,NA,NA,NA,NA
210,DE KALB AVE,HART,MARCY AVE,NOSTRAND AVE,PULASKI,TOMPKINS AVE,NA,NA,NA,NA,NA,NA,NA,NA,NA,NA,NA,NA,NA,NA,NA,NA,NA,NA,NA,NA,NA,NA,NA,NA,NA,NA,NA,NA,NA,NA,NA,NA,NA,NA,NA,NA,NA,NA,NA,NA,NA,NA
211,BEDFORD AVE,DE KALB AVE,KOSCIUSZKO,LAFAYETTE AVE,MARCY AVE,NOSTRAND AVE,TOMPKINS AVE,NA,NA,NA,NA,NA,NA,NA,NA,NA,NA,NA,NA,NA,NA,NA,NA,NA,NA,NA,NA,NA,NA,NA,NA,NA,NA,NA,NA,NA,NA,NA,NA,NA,NA,NA,NA,NA,NA,NA,NA,NA
212,BEDFORD AVE,MARCY AVE,MYRTLE AVE,NOSTRAND AVE,SANDFORD,SPENCER,TOMPKINS AVE,VERNON AVE,WALWORTH,WILLOUGHBY AVE,NA,NA,NA,NA,NA,NA,NA,NA,NA,NA,NA,NA,NA,NA,NA,NA,NA,NA,NA,NA,NA,NA,NA,NA,NA,NA,NA,NA,NA,NA,NA,NA,NA,NA,NA,NA,NA,NA
213,BEDFORD AVE,DE KALB AVE,HART,MARCY AVE,NOSTRAND AVE,SANDFORD,SPENCER,TOMPKINS AVE,WALWORTH,WILLOUGHBY AVE,NA,NA,NA,NA,NA,NA,NA,NA,NA,NA,NA,NA,NA,NA,NA,NA,NA,NA,NA,NA,NA,NA,NA,NA,NA,NA,NA,NA,NA,NA,NA,NA,NA,NA,NA,NA,NA,NA
214,BEDFORD AVE,FLUSHING AVE,MYRTLE AVE,NOSTRAND AVE,PARK AVE,SPENCER,WALWORTH,WARSOFF PL,NA,NA,NA,NA,NA,NA,NA,NA,NA,NA,NA,NA,NA,NA,NA,NA,NA,NA,NA,NA,NA,NA,NA,NA,NA,NA,NA,NA,NA,NA,NA,NA,NA,NA,NA,NA,NA,NA,NA,NA
215,ELLERY,FLUSHING AVE,HOPKINS,MARCY AVE,NOSTRAND AVE,PARK AVE,TOMPKINS AVE,NA,NA,NA,NA,NA,NA,NA,NA,NA,NA,NA,NA,NA,NA,NA,NA,NA,NA,NA,NA,NA,NA,NA,NA,NA,NA,NA,NA,NA,NA,NA,NA,NA,NA,NA,NA,NA,NA,NA,NA,NA
216,MARCY AVE,MYRTLE AVE,NOSTRAND AVE,PARK AVE,SANDFORD,VERNON AVE,WALWORTH,NA,NA,NA,NA,NA,NA,NA,NA,NA,NA,NA,NA,NA,NA,NA,NA,NA,NA,NA,NA,NA,NA,NA,NA,NA,NA,NA,NA,NA,NA,NA,NA,NA,NA,NA,NA,NA,NA,NA,NA,NA
217,DELMONICO PL,ELLERY,FLUSHING AVE,HOPKINS,PARK AVE,THROOP AVE,TOMPKINS AVE,NA,NA,NA,NA,NA,NA,NA,NA,NA,NA,NA,NA,NA,NA,NA,NA,NA,NA,NA,NA,NA,NA,NA,NA,NA,NA,NA,NA,NA,NA,NA,NA,NA,NA,NA,NA,NA,NA,NA,NA,NA
218,MARCY AVE,MARTIN LUTHER KING PL,MYRTLE AVE,PARK AVE,STOCKTON,THROOP AVE,TOMPKINS AVE,VERNON AVE,NA,NA,NA,NA,NA,NA,NA,NA,NA,NA,NA,NA,NA,NA,NA,NA,NA,NA,NA,NA,NA,NA,NA,NA,NA,NA,NA,NA,NA,NA,NA,NA,NA,NA,NA,NA,NA,NA,NA,NA
219,BROADWAY,ELLERY,FLUSHING AVE,GARVEY BLVD,PARK AVE,THROOP AVE,NA,NA,NA,NA,NA,NA,NA,NA,NA,NA,NA,NA,NA,NA,NA,NA,NA,NA,NA,NA,NA,NA,NA,NA,NA,NA,NA,NA,NA,NA,NA,NA,NA,NA,NA,NA,NA,NA,NA,NA,NA,NA
220,BROADWAY,GARVEY BLVD,LEWIS AVE,PARK AVE,STOCKTON,THROOP AVE,NA,NA,NA,NA,NA,NA,NA,NA,NA,NA,NA,NA,NA,NA,NA,NA,NA,NA,NA,NA,NA,NA,NA,NA,NA,NA,NA,NA,NA,NA,NA,NA,NA,NA,NA,NA,NA,NA,NA,NA,NA,NA
221,4 AVE,5 AVE,ATLANTIC AVE,BERGEN,DEAN,FLATBUSH AVE,PACIFIC,NA,NA,NA,NA,NA,NA,NA,NA,NA,NA,NA,NA,NA,NA,NA,NA,NA,NA,NA,NA,NA,NA,NA,NA,NA,NA,NA,NA,NA,NA,NA,NA,NA,NA,NA,NA,NA,NA,NA,NA,NA
222,4 AVE,5 AVE,6 AVE,BALTIC,BERGEN,FLATBUSH AVE,PROSPECT PL,SAINT MARKS AVE,SAINT MARKS PL,WARREN,NA,NA,NA,NA,NA,NA,NA,NA,NA,NA,NA,NA,NA,NA,NA,NA,NA,NA,NA,NA,NA,NA,NA,NA,NA,NA,NA,NA,NA,NA,NA,NA,NA,NA,NA,NA,NA,NA
223,4 AVE,5 AVE,6 AVE,7 AVE,8 AVE,BALTIC,BUTLER,DOUGLAS,FLATBUSH AVE,PARK PL,PROSPECT PL,SAINT JOHNS PL,STERLING PL,NA,NA,NA,NA,NA,NA,NA,NA,NA,NA,NA,NA,NA,NA,NA,NA,NA,NA,NA,NA,NA,NA,NA,NA,NA,NA,NA,NA,NA,NA,NA,NA,NA,NA,NA
224,4 AVE,5 AVE,6 AVE,7 AVE,8 AVE,BERKLEY PL,CARROLL,DE GRAW,DOUGLAS,FISKE PL,FLATBUSH AVE,GARFIELD PL,LINCOLN PL,MONTGOMERY PL,POLHEMUS PL,PRESIDENT,PROSPECT PARK GRAND ARMY PLZ,SACKETT,SAINT JOHNS PL,UNION,W PLZ,NA,NA,NA,NA,NA,NA,NA,NA,NA,NA,NA,NA,NA,NA,NA,NA,NA,NA,NA,NA,NA,NA,NA,NA,NA,NA,NA
225,1,2,2 AVE,3,3 AVE,4,4 AVE,5,5 AVE,6,6 AVE,7,7 AVE,8,8 AVE,9,GARFIELD PL,NA,NA,NA,NA,NA,NA,NA,NA,NA,NA,NA,NA,NA,NA,NA,NA,NA,NA,NA,NA,NA,NA,NA,NA,NA,NA,NA,NA,NA,NA,NA
226,10,11,2 AVE,3 AVE,4 AVE,5 AVE,6 AVE,7 AVE,8,8 AVE,9,NA,NA,NA,NA,NA,NA,NA,NA,NA,NA,NA,NA,NA,NA,NA,NA,NA,NA,NA,NA,NA,NA,NA,NA,NA,NA,NA,NA,NA,NA,NA,NA,NA,NA,NA,NA,NA
227,11,12,2 AVE,3 AVE,4 AVE,5 AVE,6 AVE,7 AVE,8 AVE,NA,NA,NA,NA,NA,NA,NA,NA,NA,NA,NA,NA,NA,NA,NA,NA,NA,NA,NA,NA,NA,NA,NA,NA,NA,NA,NA,NA,NA,NA,NA,NA,NA,NA,NA,NA,NA,NA,NA
228,12,13,2 AVE,3 AVE,4 AVE,5 AVE,6 AVE,7 AVE,8 AVE,NA,NA,NA,NA,NA,NA,NA,NA,NA,NA,NA,NA,NA,NA,NA,NA,NA,NA,NA,NA,NA,NA,NA,NA,NA,NA,NA,NA,NA,NA,NA,NA,NA,NA,NA,NA,NA,NA,NA
229,13,14,15,16,2 AVE,3 AVE,4 AVE,5 AVE,6 AVE,7 AVE,8 AVE,HAMILTON AVE,PROSPECT AVE,NA,NA,NA,NA,NA,NA,NA,NA,NA,NA,NA,NA,NA,NA,NA,NA,NA,NA,NA,NA,NA,NA,NA,NA,NA,NA,NA,NA,NA,NA,NA,NA,NA,NA,NA
230,10 AVE,11 AVE,13,14,15,16,3 AVE,4 AVE,5 AVE,6 AVE,7 AVE,8 AVE,FULLER PL,HOWARD PL,JACKSON PL,PROSPECT AVE,PROSPECT PARK SOUTH WEST,SHERMAN,W PROSPECT,WEBSTER PL,WINDSOR PL,NA,NA,NA,NA,NA,NA,NA,NA,NA,NA,NA,NA,NA,NA,NA,NA,NA,NA,NA,NA,NA,NA,NA,NA,NA,NA,NA
231,ALBANY AVE,ANDREW PL,BKLYN AVE,DECATUR,FULTON,GARVEY BLVD,HALSEY,HERKIMER,KINGSTON AVE,MACDONOUGH,MACON,MARCY AVE,NEW YORK AVE,THROOP AVE,TOMPKINS AVE,NA,NA,NA,NA,NA,NA,NA,NA,NA,NA,NA,NA,NA,NA,NA,NA,NA,NA,NA,NA,NA,NA,NA,NA,NA,NA,NA,NA,NA,NA,NA,NA,NA
232,ARLINGTON PL,BEDFORD AVE,FULTON,HALSEY,HANCOCK,HERKIMER,HERKIMER PL,JEFFERSON AVE,MACON,MARCY AVE,NEW YORK AVE,NOSTRAND AVE,PERRY PL,VERONA PL,NA,NA,NA,NA,NA,NA,NA,NA,NA,NA,NA,NA,NA,NA,NA,NA,NA,NA,NA,NA,NA,NA,NA,NA,NA,NA,NA,NA,NA,NA,NA,NA,NA,NA
233,BEDFORD AVE,GATES AVE,MARCY AVE,MONROE,NOSTRAND AVE,QUINCY,NA,NA,NA,NA,NA,NA,NA,NA,NA,NA,NA,NA,NA,NA,NA,NA,NA,NA,NA,NA,NA,NA,NA,NA,NA,NA,NA,NA,NA,NA,NA,NA,NA,NA,NA,NA,NA,NA,NA,NA,NA,NA
234,BEDFORD AVE,JEFFERSON AVE,MADISON,MARCY AVE,MONROE,NOSTRAND AVE,PUTNAM AVE,NA,NA,NA,NA,NA,NA,NA,NA,NA,NA,NA,NA,NA,NA,NA,NA,NA,NA,NA,NA,NA,NA,NA,NA,NA,NA,NA,NA,NA,NA,NA,NA,NA,NA,NA,NA,NA,NA,NA,NA,NA
235,GARVEY BLVD,GATES AVE,LEXINGTON AVE,MARCY AVE,MONROE,QUINCY,THROOP AVE,TOMPKINS AVE,NA,NA,NA,NA,NA,NA,NA,NA,NA,NA,NA,NA,NA,NA,NA,NA,NA,NA,NA,NA,NA,NA,NA,NA,NA,NA,NA,NA,NA,NA,NA,NA,NA,NA,NA,NA,NA,NA,NA,NA
236,GARVEY BLVD,HALSEY,HANCOCK,JEFFERSON AVE,MACON,MADISON,MARCY AVE,MONROE,PUTNAM AVE,THROOP AVE,TOMPKINS AVE,NA,NA,NA,NA,NA,NA,NA,NA,NA,NA,NA,NA,NA,NA,NA,NA,NA,NA,NA,NA,NA,NA,NA,NA,NA,NA,NA,NA,NA,NA,NA,NA,NA,NA,NA,NA,NA
237,GARVEY BLVD,GREENE AVE,LAFAYETTE AVE,LEXINGTON AVE,MARCY AVE,THROOP AVE,TOMPKINS AVE,VAN BUREN,NA,NA,NA,NA,NA,NA,NA,NA,NA,NA,NA,NA,NA,NA,NA,NA,NA,NA,NA,NA,NA,NA,NA,NA,NA,NA,NA,NA,NA,NA,NA,NA,NA,NA,NA,NA,NA,NA,NA,NA
238,BEDFORD AVE,CLIFTON PL,GREENE AVE,LAFAYETTE AVE,LEXINGTON AVE,MARCY AVE,NOSTRAND AVE,QUINCY,NA,NA,NA,NA,NA,NA,NA,NA,NA,NA,NA,NA,NA,NA,NA,NA,NA,NA,NA,NA,NA,NA,NA,NA,NA,NA,NA,NA,NA,NA,NA,NA,NA,NA,NA,NA,NA,NA,NA,NA
239,BERGEN,BKLYN AVE,CARROLL,CLOVE RD,CROWN,DEAN,EAST PKWY,EMPIRE BLVD,LINCOLN PL,MALBONE,MONTGOMERY,NEW YORK AVE,NOSTRAND AVE,PACIFIC,PARK PL,PRESIDENT,PROSPECT PL,SAINT JOHNS PL,SAINT MARKS AVE,STERLING PL,UNION,NA,NA,NA,NA,NA,NA,NA,NA,NA,NA,NA,NA,NA,NA,NA,NA,NA,NA,NA,NA,NA,NA,NA,NA,NA,NA,NA
240,BEDFORD AVE,BERGEN,CARROLL,CROWN,DEAN,DEARBORN CT,EAST PKWY,FRANKLIN AVE,LINCOLN PL,MC KEEVER PL,MONTGOMERY,NOSTRAND AVE,PACIFIC,PARK PL,PRESIDENT,PROSPECT PL,ROGERS AVE,SAINT JOHNS PL,SAINT MARKS AVE,STERLING PL,SULLIVAN PL,UNION,NA,NA,NA,NA,NA,NA,NA,NA,NA,NA,NA,NA,NA,NA,NA,NA,NA,NA,NA,NA,NA,NA,NA,NA,NA,NA
241,ALBANY AVE,BERGEN,BKLYN AVE,CARROLL,CROWN,DEAN,EAST PKWY,EMPIRE BLVD,KINGSTON AVE,LINCOLN PL,MONTGOMERY,PACIFIC,PARK PL,PRESIDENT,PROSPECT PL,SAINT JOHNS PL,SAINT MARKS AVE,SCHNECTADY AVE,STERLING PL,TROY AVE,UNION,NA,NA,NA,NA,NA,NA,NA,NA,NA,NA,NA,NA,NA,NA,NA,NA,NA,NA,NA,NA,NA,NA,NA,NA,NA,NA,NA
242,ATLANTIC AVE,BERGEN,BUFFALO AVE,CARROLL,CROWN,DEAN,EAST PKWY,EMPIRE BLVD,HOWARD AVE,LINCOLN PL,MONTGOMERY,MOTHER GASTON BLVD,PACIFIC,PARK PL,PRESIDENT,PROSPECT PL,RALPH AVE,ROCHESTER AVE,ROCKAWAY AVE,SACKMAN,SAINT JOHNS PL,SAINT MARKS AVE,SARATOGA AVE,SCHNECTADY AVE,STERLING PL,THOMAS BOYLAND,UNION,UTICA AVE,VANSIDEREN AVE,NA,NA,NA,NA,NA,NA,NA,NA,NA,NA,NA,NA,NA,NA,NA,NA,NA,NA,NA
243,GATES AVE,GREENE AVE,JEFFERSON AVE,LAFAYETTE AVE,LEXINGTON AVE,MADISON,MALCOLM X BLVD,MONROE,PUTNAM AVE,QUINCY,STUYVESANT AVE,NA,NA,NA,NA,NA,NA,NA,NA,NA,NA,NA,NA,NA,NA,NA,NA,NA,NA,NA,NA,NA,NA,NA,NA,NA,NA,NA,NA,NA,NA,NA,NA,NA,NA,NA,NA,NA
244,GARVEY BLVD,GATES AVE,GREENE AVE,HALSEY,HANCOCK,JEFFERSON AVE,LAFAYETTE AVE,LEWIS AVE,LEXINGTON AVE,MADISON,MONROE,PUTNAM AVE,QUINCY,STUYVESANT AVE,VAN BUREN,NA,NA,NA,NA,NA,NA,NA,NA,NA,NA,NA,NA,NA,NA,NA,NA,NA,NA,NA,NA,NA,NA,NA,NA,NA,NA,NA,NA,NA,NA,NA,NA,NA
245,ALBANY AVE,BAINBRIDGE,CHAUNCEY,DECATUR,FULTON,GARVEY BLVD,HALSEY,HERKIMER,LEWIS AVE,MACDONOUGH,MACON,SCHNECTADY AVE,STUYVESANT AVE,TROY AVE,NA,NA,NA,NA,NA,NA,NA,NA,NA,NA,NA,NA,NA,NA,NA,NA,NA,NA,NA,NA,NA,NA,NA,NA,NA,NA,NA,NA,NA,NA,NA,NA,NA,NA
246,BAINBRIDGE,DECATUR,HALSEY,HANCOCK,JEFFERSON AVE,MACDONOUGH,MACON,MADISON,MALCOLM X BLVD,PATCHEN AVE,PUTNAM AVE,STUYVESANT AVE,NA,NA,NA,NA,NA,NA,NA,NA,NA,NA,NA,NA,NA,NA,NA,NA,NA,NA,NA,NA,NA,NA,NA,NA,NA,NA,NA,NA,NA,NA,NA,NA,NA,NA,NA,NA
247,BAINBRIDGE,BUFFALO AVE,CHAUNCEY,FULTON,HERKIMER,HUNTERFLY PL,MALCOLM X BLVD,MARION,PATCHEN AVE,ROCHESTER AVE,SCHNECTADY AVE,STUYVESANT AVE,SUMPTER,SUYDAM PL,NA,NA,NA,NA,NA,NA,NA,NA,NA,NA,NA,NA,NA,NA,NA,NA,NA,NA,NA,NA,NA,NA,NA,NA,NA,NA,NA,NA,NA,NA,NA,NA,NA,NA
248,BROADWAY,GATES AVE,GREENE AVE,LAFAYETTE AVE,LEXINGTON AVE,MADISON,MALCOLM X BLVD,MONROE,PATCHEN AVE,QUINCY,RALPH AVE,VAN BUREN,NA,NA,NA,NA,NA,NA,NA,NA,NA,NA,NA,NA,NA,NA,NA,NA,NA,NA,NA,NA,NA,NA,NA,NA,NA,NA,NA,NA,NA,NA,NA,NA,NA,NA,NA,NA
249,BAINBRIDGE,DECATUR,FULTON,HALSEY,HANCOCK,JEFFERSON AVE,MACDONOUGH,MACDOUGAL,MACON,MADISON,PATCHEN AVE,PUTNAM AVE,RALPH AVE,NA,NA,NA,NA,NA,NA,NA,NA,NA,NA,NA,NA,NA,NA,NA,NA,NA,NA,NA,NA,NA,NA,NA,NA,NA,NA,NA,NA,NA,NA,NA,NA,NA,NA,NA
250,ATLANTIC AVE,BAINBRIDGE,BANCROFT PL,BROADWAY,BUFFALO AVE,CHAUNCEY,COLUMBUS PL,DECATUR,DEWEY PL,FULTON,GATES AVE,GUNTHER PL,HALSEY,HANCOCK,HAVENS PL,HERKIMER,HOWARD AVE,HULL,JARDINE PL,JEFFERSON AVE,KANE PL,LOUIS PL,MACDONOUGH,MACDOUGAL,MACON,MADISON,MARCONI PL,MARION,MONACO PL,MONROE,MOTHER GASTON BLVD,PLEASANT PL,PRESCOTT PL,PUTNAM AVE,QUINCY,RADDE PL,RALPH AVE,ROCKAWAY AVE,ROOSEVELT PL,SACKMAN,SARATOGA AVE,SHERLOCK PL,SOMERS,SUMPTER,THOMAS BOYLAND,TRUXTON,VANSIDEREN AVE,WILLIAMS PL
